id,locality,pincode,area_sqft,bedrooms,bathrooms,floor,year_built,is_furnished,distance_to_metro_km,price_per_sqft_inr,price_lakh,latitude,longitude,date_listed
1,Ballygunge,700019,1280,3,2,2nd,2012,Yes,1.2,8500,108.8,22.535421,88.365214,2025-03-14
2,Alipore,700052,1450,3,3,3rd,2015,No,2.4,9200,133.4,22.525310,88.337512,2025-01-22
3,Behala,700034,980,2,2,1st,2009,Yes,3.1,7200,70.56,22.498231,88.305874,2025-05-05
4,Jadavpur,700032,1105,3,2,4th,2018,No,1.8,8100,89.50,22.496200,88.369145,2025-04-09
5,Howrah (Shalimar),711103,1600,3,3,5th,2014,Yes,5.6,6800,108.80,22.577420,88.321440,2025-02-10
6,Tollygunge,700033,1320,3,2,6th,2011,No,1.4,7900,104.28,22.485740,88.347210,2025-06-12
7,Baranagar,700090,1040,2,2,2nd,2010,No,3.7,7500,78.00,22.642100,88.377510,2025-07-18
8,Salt Lake,700064,1500,3,3,7th,2019,Yes,0.8,11200,168.00,22.586210,88.426510,2025-01-02
9,New Town,700156,1425,3,2,8th,2020,No,2.1,9800,139.65,22.580410,88.462530,2025-03-27
10,Rajarhat,700135,1250,2,2,3rd,2016,Yes,4.0,7600,95.00,22.611520,88.450230,2025-05-21
11,Park Street,700016,1180,2,2,2nd,2013,No,1.1,13500,159.30,22.553470,88.350140,2025-04-15
12,Lake Town,700089,1025,2,2,3rd,2010,Yes,2.9,8200,84.05,22.606710,88.400310,2025-07-11
13,Ballygunge,700020,1380,3,3,4th,2017,No,1.5,9400,129.72,22.523600,88.357180,2025-02-19
14,Behala,700060,960,2,1,1st,2007,Yes,3.6,6900,66.24,22.490140,88.306310,2025-03-05
15,Garia,700047,1410,3,2,5th,2018,No,2.2,7700,108.57,22.464210,88.393240,2025-06-07
16,Dumdum,700055,1140,2,2,6th,2014,Yes,1.3,8300,94.62,22.639110,88.420360,2025-01-29
17,Esplanade,700069,980,1,1,1st,2005,No,0.9,15000,147.00,22.568740,88.347890,2025-02-02
18,Entally,700046,1090,2,2,4th,2011,Yes,1.7,8100,88.29,22.555290,88.371980,2025-05-12
19,Shyambazar,700004,1035,2,2,3rd,2009,No,2.8,7600,78.66,22.604510,88.371250,2025-03-24
20,Howrah (Shalimar),711105,1700,3,3,7th,2016,Yes,6.4,7000,119.00,22.580110,88.320415,2025-04-30
21,Tollygunge,700033,1440,3,2,5th,2013,No,1.6,8200,118.08,22.484720,88.348170,2025-06-20
22,Rajarhat,700135,1210,2,2,4th,2017,Yes,3.9,7500,90.75,22.614830,88.448290,2025-02-09
23,New Town,700156,1570,3,3,10th,2021,Yes,2.4,10500,164.85,22.576920,88.459780,2025-01-18
24,Alipore,700052,1120,2,2,3rd,2012,No,2.3,8900,99.68,22.527310,88.336150,2025-04-26
25,Salt Lake,700106,1490,3,3,9th,2020,Yes,0.5,11500,171.35,22.585940,88.423270,2025-06-03
26,Park Street,700016,1255,3,2,2nd,2014,No,1.0,13000,163.15,22.552170,88.351990,2025-02-04
27,Baranagar,700108,990,2,1,1st,2008,Yes,3.5,7100,70.29,22.648810,88.374120,2025-03-16
28,Garia,700084,1310,3,2,6th,2015,No,2.1,7700,100.87,22.464310,88.395710,2025-05-08
29,Jadavpur,700032,1150,2,2,3rd,2010,Yes,1.9,8200,94.30,22.495940,88.369780,2025-04-01
30,Behala,700063,1005,2,1,2nd,2006,No,3.8,6800,68.34,22.493610,88.303410,2025-07-01
31,Howrah (Shalimar),711114,1520,3,3,6th,2017,Yes,5.7,7200,109.44,22.578140,88.318990,2025-05-25
32,Entally,700020,1085,2,2,4th,2009,No,1.6,8300,90.96,22.553210,88.372810,2025-02-14
33,Lake Town,700089,1180,2,2,5th,2013,Yes,2.5,8500,100.30,22.607290,88.401830,2025-04-18
34,Rajarhat,700135,1460,3,3,7th,2018,No,4.3,9700,141.62,22.610190,88.452260,2025-03-21
35,Salt Lake,700064,1350,3,2,4th,2016,Yes,0.9,11000,148.50,22.589310,88.426240,2025-01-11
36,Dumdum,700056,950,2,1,2nd,2005,No,2.6,6900,65.55,22.638710,88.419150,2025-06-14
37,Behala,700008,1420,3,2,5th,2012,Yes,3.3,7800,110.76,22.488470,88.314710,2025-07-05
38,Alipore,700052,1340,3,2,3rd,2014,No,2.0,9000,120.60,22.528490,88.338210,2025-02-27
39,Shyambazar,700004,1075,2,2,2nd,2011,Yes,2.4,8000,86.00,22.604690,88.372740,2025-06-22
40,New Town,700156,1650,3,3,10th,2021,No,2.3,10800,178.20,22.582740,88.461310,2025-03-29
41,Tollygunge,700033,1380,3,2,4th,2015,Yes,1.8,8300,114.54,22.486120,88.349180,2025-04-20
42,Ballygunge,700020,1260,3,2,3rd,2013,No,1.3,9200,115.92,22.524800,88.355240,2025-01-31
43,Garia,700047,1480,3,3,6th,2017,Yes,2.2,7600,112.48,22.462870,88.393690,2025-02-21
44,Howrah (Shalimar),711102,1550,3,3,6th,2018,No,6.2,7400,114.70,22.577110,88.320120,2025-05-14
45,Baranagar,700035,1020,2,2,2nd,2009,Yes,3.4,7800,79.56,22.643780,88.378110,2025-06-06
46,Salt Lake,700106,1400,3,3,8th,2020,No,0.7,11200,156.80,22.586440,88.425870,2025-02-18
47,Park Street,700016,1310,3,2,3rd,2014,Yes,1.2,13400,175.54,22.553180,88.351120,2025-03-02
48,Jadavpur,700032,1080,2,2,2nd,2011,No,1.7,8100,87.48,22.496340,88.370410,2025-04-25
49,Lake Town,700089,1240,2,2,4th,2012,Yes,2.9,8400,104.16,22.607920,88.402630,2025-07-04
50,Rajarhat,700135,1500,3,3,7th,2019,No,4.5,9600,144.00,22.612140,88.453410,2025-01-08
51,Garia,700047,928,2,2,3,2007,No,1.8,6160,57.14,22.4651,88.3904,2025-01-27
52,Howrah (Shalimar),711102,1045,3,2,4,2012,Yes,3.2,5920,61.84,22.5808,88.3127,2025-01-22
53,Tollygunge,700033,1189,3,2,6,2015,No,0.8,6440,76.56,22.5014,88.3503,2025-01-19
54,Baranagar,700035,856,2,1,2,2004,Yes,2.9,5740,49.16,22.6551,88.3659,2025-01-31
55,Rajarhat,700135,1326,3,2,8,2018,Yes,2.1,6210,82.29,22.5951,88.4828,2025-02-02
56,Ballygunge,700020,1432,3,3,10,2019,Yes,1.0,6820,97.59,22.5257,88.3651,2025-02-03
57,Jadavpur,700032,1014,2,2,3,2010,No,1.4,5980,60.49,22.4952,88.3713,2025-01-26
58,Lake Town,700089,923,2,2,5,2013,Yes,0.9,6120,56.42,22.6064,88.4055,2025-01-24
59,Esplanade,700069,764,1,1,4,2008,No,0.5,7010,53.53,22.5680,88.3510,2025-02-01
60,Baranagar,700090,1111,3,2,7,2016,Yes,2.4,5860,65.94,22.6621,88.3694,2025-01-29
61,Behala,700060,882,2,2,2,2009,No,2.0,5780,50.96,22.4882,88.3022,2025-01-25
62,Salt Lake (Bidhannagar),700064,1395,3,3,9,2017,Yes,1.2,6540,91.17,22.5869,88.4173,2025-02-04
63,New Town,700156,1212,3,2,6,2018,No,2.3,6330,76.71,22.5823,88.4892,2025-01-17
64,Shyambazar,700004,976,2,1,3,2006,No,0.7,5890,57.44,22.6000,88.3730,2025-01-28
65,Tollygunge,700033,1348,3,3,11,2020,Yes,1.0,6680,90.06,22.4999,88.3508,2025-01-30
66,Dumdum,700055,866,2,2,4,2011,Yes,1.3,6020,52.13,22.6317,88.4222,2025-02-05
67,Alipore,700052,1522,4,3,12,2021,Yes,1.5,7190,109.48,22.5321,88.3304,2025-01-21
68,Garia,700084,1078,2,2,5,2014,No,1.7,5940,64.63,22.4610,88.3950,2025-01-23
69,Ballygunge,700019,987,2,2,6,2012,Yes,0.9,6650,65.61,22.5201,88.3655,2025-01-20
70,Howrah (Shalimar),711103,1155,3,2,7,2016,No,3.6,5740,66.27,22.5798,88.3112,2025-01-18
71,Entally,700046,799,1,1,3,2005,No,1.1,6480,51.79,22.5411,88.3752,2025-01-31
72,Rajarhat,700135,1282,3,2,9,2019,Yes,2.0,6220,79.40,22.5980,88.4701,2025-02-02
73,Jadavpur,700032,917,2,2,4,2010,No,1.6,6030,55.28,22.4939,88.3708,2025-01-22
74,Behala,700034,1211,3,2,5,2013,Yes,2.2,5850,70.09,22.4900,88.3150,2025-01-29
75,Salt Lake (Bidhannagar),700106,1444,3,3,10,2020,Yes,1.0,6710,96.89,22.5933,88.4089,2025-02-03
76,Lake Town,700089,836,2,1,5,2008,No,0.7,5960,49.82,22.6077,88.4041,2025-01-27
77,Esplanade,700069,715,1,1,4,2011,No,0.6,7090,50.67,22.5692,88.3501,2025-01-26
78,New Town,700156,1386,3,3,12,2021,Yes,2.1,6590,91.48,22.5850,88.4875,2025-01-19
79,Shyambazar,700004,902,2,1,2,2009,No,0.5,5930,53.45,22.6066,88.3712,2025-01-25
80,Park Street,700016,1185,3,3,9,2018,Yes,0.8,7410,87.70,22.5534,88.3512,2025-02-01
81,Alipore,700052,975,2,2,4,2010,No,1.4,6380,62.17,22.5305,88.3267,2025-01-28
82,Ballygunge,700020,1327,3,3,11,2020,Yes,1.1,6810,90.34,22.5234,88.3643,2025-01-21
83,Howrah (Shalimar),711105,1089,3,2,6,2015,No,3.9,5680,61.08,22.5853,88.3099,2025-01-30
84,Garia,700047,899,2,1,3,2007,No,1.9,5890,52.98,22.4655,88.3922,2025-01-23
85,Baranagar,700108,1245,3,2,8,2017,Yes,2.6,6010,74.84,22.6677,88.3688,2025-01-20
86,Tollygunge,700033,1128,3,2,7,2014,No,1.2,6490,73.21,22.5003,88.3492,2025-02-05
87,Jadavpur,700032,1007,2,2,5,2012,Yes,1.5,5920,59.60,22.4947,88.3721,2025-02-04
88,Rajarhat,700135,1462,3,3,13,2022,Yes,2.3,6720,98.23,22.5946,88.4740,2025-01-31
89,Behala,700061,1042,2,2,4,2011,No,2.5,5830,60.51,22.4868,88.3032,2025-01-29
90,Dumdum,700056,879,2,1,2,2009,No,1.0,5980,52.54,22.6299,88.4234,2025-01-28
91,Esplanade,700069,772,1,1,3,2006,No,0.6,7030,54.30,22.5684,88.3529,2025-01-21
92,Salt Lake (Bidhannagar),700064,1359,3,3,11,2019,Yes,1.3,6660,90.49,22.5872,88.4161,2025-02-02
93,Park Street,700016,1420,3,3,12,2022,Yes,0.7,7520,106.78,22.5530,88.3507,2025-02-03
94,New Town,700156,1191,3,2,6,2017,No,2.4,6340,75.46,22.5831,88.4899,2025-01-22
95,Lake Town,700089,811,2,1,4,2008,Yes,1.1,6030,48.88,22.6060,88.4058,2025-01-18
96,Shyambazar,700004,924,2,2,5,2013,Yes,0.5,5970,55.15,22.6031,88.3724,2025-01-20
97,Baranagar,700035,1397,3,3,10,2018,No,2.2,6180,86.22,22.6544,88.3672,2025-01-19
98,Alipore,700052,1548,4,3,14,2023,Yes,1.3,7250,112.23,22.5313,88.3292,2025-01-31
99,Garia,700084,1025,2,2,4,2011,No,2.1,5900,60.00,22.4608,88.3944,2025-02-01
100,Rajarhat,700135,1218,3,2,7,2016,Yes,2.4,6290,76.66,22.5971,88.4729,2025-02-05
101,Ballygunge,700019,1384,3,3,11,2020,Yes,1.2,6840,94.62,22.5210,88.3661,2025-02-06
102,Behala,700063,912,2,2,3,2012,No,2.3,5790,52.82,22.4860,88.3028,2025-02-05
103,Dumdum,700055,1034,2,2,5,2015,Yes,1.4,6080,62.11,22.6310,88.4203,2025-02-07
104,Garia,700047,876,2,1,2,2009,No,1.8,5920,51.79,22.4640,88.3915,2025-02-03
105,Rajarhat,700135,1472,3,3,13,2021,Yes,2.0,6710,98.71,22.5964,88.4738,2025-02-04
106,Howrah (Shalimar),711105,1195,3,2,7,2016,No,3.5,5720,68.29,22.5839,88.3107,2025-02-02
107,Alipore,700052,1289,3,3,9,2018,Yes,1.5,7130,91.92,22.5322,88.3301,2025-02-01
108,Entally,700046,754,1,1,3,2007,No,1.2,6450,48.64,22.5400,88.3761,2025-02-08
109,Esplanade,700069,798,1,1,4,2011,No,0.7,7050,56.25,22.5690,88.3515,2025-02-06
110,Tollygunge,700033,1189,3,2,7,2013,Yes,1.3,6520,77.49,22.4990,88.3488,2025-02-03
111,Lake Town,700089,902,2,2,5,2012,Yes,1.0,6090,54.91,22.6068,88.4060,2025-02-04
112,Baranagar,700035,1128,3,2,6,2014,No,2.5,5860,66.01,22.6552,88.3680,2025-02-07
113,New Town,700156,1248,3,2,8,2017,Yes,2.2,6350,79.25,22.5851,88.4880,2025-02-05
114,Jadavpur,700032,978,2,2,4,2010,No,1.6,5970,58.39,22.4935,88.3720,2025-02-02
115,Salt Lake (Bidhannagar),700064,1397,3,3,11,2019,Yes,1.1,6690,93.50,22.5870,88.4170,2025-02-06
116,Shyambazar,700004,934,2,1,3,2008,No,0.6,5960,55.70,22.6039,88.3733,2025-02-05
117,Park Street,700016,1316,3,3,10,2021,Yes,0.8,7480,98.46,22.5540,88.3514,2025-02-04
118,Behala,700060,1241,3,2,7,2016,No,2.4,5840,72.42,22.4875,88.3035,2025-02-01
119,Howrah (Shalimar),711114,1083,3,2,6,2015,No,3.7,5690,61.56,22.5827,88.3119,2025-02-08
120,Baranagar,700090,937,2,2,3,2011,Yes,2.7,5940,55.66,22.6610,88.3690,2025-02-06
121,Ballygunge,700020,1426,3,3,12,2022,Yes,0.9,6880,98.12,22.5230,88.3642,2025-02-08
122,Garia,700084,1028,2,2,4,2013,No,1.9,5930,60.97,22.4602,88.3942,2025-02-07
123,Dumdum,700056,865,2,1,3,2009,No,1.2,6010,51.99,22.6300,88.4240,2025-02-03
124,New Town,700156,1369,3,3,11,2021,Yes,2.3,6570,89.90,22.5843,88.4873,2025-02-08
125,Esplanade,700069,733,1,1,4,2010,No,0.6,7110,52.15,22.5681,88.3512,2025-02-01
126,Shyambazar,700004,987,2,2,5,2013,Yes,0.7,5990,59.12,22.6025,88.3715,2025-02-07
127,Entally,700020,811,1,1,2,2006,No,1.3,6430,52.16,22.5390,88.3750,2025-02-03
128,Tollygunge,700033,1404,3,3,12,2020,Yes,1.1,6690,93.93,22.5006,88.3499,2025-02-05
129,Alipore,700052,1582,4,3,14,2023,Yes,1.4,7240,114.50,22.5315,88.3285,2025-02-04
130,Rajarhat,700135,1202,3,2,8,2016,No,2.2,6280,75.45,22.5976,88.4752,2025-02-06
131,Salt Lake (Bidhannagar),700106,1518,3,3,12,2022,Yes,1.0,6760,102.63,22.5949,88.4095,2025-02-07
132,Park Street,700016,1198,3,3,9,2019,Yes,0.7,7390,88.49,22.5543,88.3509,2025-02-08
133,Baranagar,700108,1274,3,2,7,2015,No,2.5,6040,76.89,22.6684,88.3697,2025-02-02
134,Lake Town,700089,843,2,1,4,2008,No,1.2,6020,50.72,22.6075,88.4051,2025-02-01
135,Jadavpur,700032,1042,2,2,5,2013,Yes,1.5,5950,62.09,22.4940,88.3719,2025-02-07
136,Behala,700008,1191,3,2,6,2014,No,2.7,5820,69.94,22.4850,88.3007,2025-02-04
137,Howrah (Shalimar),711102,1117,3,2,7,2017,No,3.4,5750,64.22,22.5802,88.3124,2025-02-08
138,Garia,700047,927,2,2,3,2011,No,1.8,5910,54.81,22.4632,88.3920,2025-02-06
139,Dumdum,700055,1280,3,3,7,2017,Yes,1.0,6100,78.08,22.6304,88.4231,2025-02-05
140,Esplanade,700069,788,1,1,3,2009,No,0.5,7080,55.78,22.5694,88.3518,2025-02-06
141,Shyambazar,700004,952,2,1,4,2012,No,0.6,5970,56.82,22.6047,88.3722,2025-02-03
142,Rajarhat,700135,1383,3,3,10,2019,Yes,2.0,6420,88.75,22.5989,88.4745,2025-02-01
143,Ballygunge,700020,1306,3,3,11,2020,Yes,1.0,6820,89.07,22.5241,88.3648,2025-02-07
144,New Town,700156,1264,3,2,7,2016,No,2.4,6310,79.76,22.5841,88.4881,2025-02-04
145,Baranagar,700090,1014,2,2,4,2011,Yes,2.3,5920,60.03,22.6609,88.3684,2025-02-05
146,Tollygunge,700033,1344,3,3,12,2021,Yes,1.2,6710,90.15,22.5000,88.3490,2025-02-08
147,Alipore,700052,1431,3,3,10,2018,Yes,1.3,7160,102.44,22.5311,88.3277,2025-02-04
148,Salt Lake (Bidhannagar),700064,1475,3,3,12,2022,Yes,1.1,6730,99.25,22.5881,88.4175,2025-02-06
149,Howrah (Shalimar),711103,1182,3,2,6,2016,No,3.6,5710,67.48,22.5816,88.3111,2025-02-05
150,Jadavpur,700032,936,2,2,3,2010,No,1.4,5990,56.06,22.4932,88.3714,2025-02-02
151,Baranagar,700108,1244,3,2,7,2016,Yes,2.4,6070,75.49,22.6671,88.3682,2025-02-09
152,Behala,700061,916,2,2,3,2010,No,2.6,5830,53.37,22.4871,88.3029,2025-02-08
153,Ballygunge,700019,1398,3,3,12,2021,Yes,1.2,6870,96.05,22.5225,88.3649,2025-02-10
154,Dumdum,700056,1087,2,2,6,2014,No,1.3,6120,66.14,22.6290,88.4233,2025-02-07
155,Esplanade,700069,811,1,1,3,2009,No,0.6,7090,57.46,22.5690,88.3514,2025-02-06
156,Garia,700084,1035,2,2,4,2013,No,1.9,5940,61.43,22.4608,88.3951,2025-02-09
157,Howrah (Shalimar),711114,1126,3,2,5,2014,No,3.8,5720,64.33,22.5829,88.3114,2025-02-10
158,Jadavpur,700032,1016,2,2,4,2011,Yes,1.5,5990,60.78,22.4941,88.3718,2025-02-09
159,Lake Town,700089,855,2,1,4,2007,No,1.0,6050,51.77,22.6061,88.4059,2025-02-07
160,New Town,700156,1426,3,3,12,2020,Yes,2.3,6610,94.25,22.5850,88.4879,2025-02-08
161,Rajarhat,700135,1184,3,2,8,2016,No,2.1,6300,74.59,22.5970,88.4751,2025-02-05
162,Park Street,700016,1359,3,3,10,2021,Yes,0.7,7460,101.26,22.5548,88.3510,2025-02-09
163,Salt Lake (Bidhannagar),700064,1483,3,3,12,2022,Yes,1.2,6740,99.94,22.5875,88.4173,2025-02-10
164,Shyambazar,700004,983,2,2,5,2014,No,0.6,5980,58.76,22.6033,88.3728,2025-02-08
165,Tollygunge,700033,1317,3,3,11,2020,Yes,1.0,6650,87.56,22.4994,88.3502,2025-02-05
166,Baranagar,700090,1004,2,2,4,2012,Yes,2.3,5930,59.61,22.6618,88.3688,2025-02-06
167,Behala,700060,1279,3,2,7,2015,No,2.5,5850,74.87,22.4881,88.3044,2025-02-09
168,Ballygunge,700020,1411,3,3,12,2021,Yes,1.1,6860,96.78,22.5239,88.3651,2025-02-10
169,Howrah (Shalimar),711103,1211,3,2,7,2017,No,3.4,5730,69.41,22.5805,88.3109,2025-02-08
170,Dumdum,700055,1324,3,3,8,2018,Yes,1.2,6140,81.21,22.6311,88.4218,2025-02-07
171,Garia,700047,942,2,2,3,2010,No,1.9,5900,55.38,22.4635,88.3917,2025-02-06
172,Esplanade,700069,766,1,1,3,2008,No,0.7,7020,53.81,22.5684,88.3519,2025-02-05
173,Jadavpur,700032,1093,2,2,5,2014,Yes,1.6,6010,65.16,22.4937,88.3722,2025-02-10
174,Lake Town,700089,827,2,1,4,2009,No,0.9,6000,49.62,22.6073,88.4052,2025-02-08
175,Rajarhat,700135,1435,3,3,11,2020,Yes,2.0,6400,91.04,22.5982,88.4733,2025-02-09
176,Shyambazar,700004,916,2,1,3,2010,No,0.5,5940,54.38,22.6028,88.3710,2025-02-06
177,Salt Lake (Bidhannagar),700106,1544,3,3,13,2023,Yes,1.1,6790,104.83,22.5944,88.4085,2025-02-10
178,Park Street,700016,1235,3,3,9,2019,Yes,0.8,7400,91.39,22.5542,88.3508,2025-02-07
179,Baranagar,700035,1168,3,2,6,2015,No,2.6,6020,70.26,22.6568,88.3684,2025-02-10
180,Behala,700034,1216,3,2,5,2013,Yes,2.3,5860,71.22,22.4892,88.3148,2025-02-08
181,Ballygunge,700019,1267,3,3,10,2018,Yes,1.0,6830,86.53,22.5215,88.3660,2025-02-10
182,Dumdum,700055,945,2,2,4,2010,No,1.1,6020,56.79,22.6307,88.4225,2025-02-08
183,Garia,700084,1105,2,2,4,2014,No,1.8,5960,65.88,22.4600,88.3949,2025-02-06
184,Howrah (Shalimar),711102,1233,3,2,8,2018,No,3.5,5760,70.96,22.5814,88.3125,2025-02-05
185,Jadavpur,700032,967,2,2,3,2009,Yes,1.5,5980,57.41,22.4944,88.3725,2025-02-03
186,Esplanade,700069,741,1,1,3,2007,No,0.6,7030,52.11,22.5687,88.3517,2025-02-10
187,Lake Town,700089,1007,2,2,5,2013,Yes,1.0,6070,61.64,22.6064,88.4054,2025-02-09
188,Rajarhat,700135,1394,3,3,10,2019,Yes,2.1,6430,89.56,22.5975,88.4742,2025-02-04
189,Salt Lake (Bidhannagar),700064,1338,3,3,11,2018,Yes,1.0,6650,88.38,22.5873,88.4174,2025-02-06
190,Tollygunge,700033,1295,3,3,11,2019,Yes,1.1,6660,86.23,22.5001,88.3495,2025-02-08
191,Baranagar,700108,1222,3,2,7,2016,No,2.5,6060,74.03,22.6675,88.3680,2025-02-05
192,Behala,700008,1183,3,2,6,2014,No,2.8,5820,68.17,22.4854,88.2998,2025-02-10
193,Ballygunge,700020,1457,3,3,13,2022,Yes,1.2,6890,100.37,22.5243,88.3641,2025-02-09
194,Dumdum,700055,1021,2,2,5,2012,No,1.3,6030,61.96,22.6302,88.4230,2025-02-07
195,Garia,700047,986,2,2,3,2010,No,1.7,5920,58.35,22.4647,88.3905,2025-02-05
196,Howrah (Shalimar),711105,1178,3,2,6,2016,No,3.6,5700,67.26,22.5841,88.3096,2025-02-08
197,Shyambazar,700004,943,2,1,3,2012,No,0.7,5960,56.21,22.6040,88.3721,2025-02-09
198,Park Street,700016,1489,3,3,14,2023,Yes,0.9,7530,112.06,22.5531,88.3513,2025-02-10
199,New Town,700156,1185,3,2,7,2017,No,2.4,6320,74.83,22.5838,88.4885,2025-02-06
200,Salt Lake (Bidhannagar),700106,1523,3,3,12,2023,Yes,1.0,6770,103.13,22.5948,88.4080,2025-02-08
201,Baranagar,700108,1253,3,2,7,2017,Yes,2.4,6080,76.10,22.6672,88.3681,2025-02-09
202,Behala,700063,1174,2,2,5,2012,No,2.7,5840,68.60,22.4891,88.3052,2025-02-08
203,Ballygunge,700019,1385,3,3,12,2020,Yes,1.2,6850,94.86,22.5226,88.3648,2025-02-07
204,Dumdum,700056,1103,2,2,6,2014,No,1.3,6110,67.35,22.6291,88.4234,2025-02-06
205,Esplanade,700069,812,1,1,3,2009,No,0.6,7100,57.60,22.5691,88.3513,2025-02-05
206,Garia,700084,1040,2,2,4,2013,No,1.9,5950,61.88,22.4610,88.3950,2025-02-10
207,Howrah (Shalimar),711114,1130,3,2,5,2015,No,3.8,5730,64.70,22.5830,88.3115,2025-02-07
208,Jadavpur,700032,1018,2,2,4,2011,Yes,1.5,6000,60.90,22.4940,88.3719,2025-02-06
209,Lake Town,700089,860,2,1,4,2007,No,1.0,6060,52.12,22.6063,88.4060,2025-02-08
210,New Town,700156,1430,3,3,12,2020,Yes,2.3,6620,94.62,22.5851,88.4878,2025-02-09
211,Rajarhat,700135,1188,3,2,8,2016,No,2.1,6310,74.90,22.5971,88.4750,2025-02-10
212,Park Street,700016,1362,3,3,10,2021,Yes,0.7,7470,101.78,22.5549,88.3509,2025-02-07
213,Salt Lake (Bidhannagar),700064,1485,3,3,12,2022,Yes,1.2,6750,100.25,22.5876,88.4172,2025-02-08
214,Shyambazar,700004,985,2,2,5,2014,No,0.6,5990,58.96,22.6034,88.3729,2025-02-09
215,Tollygunge,700033,1320,3,3,11,2020,Yes,1.0,6660,87.91,22.4995,88.3503,2025-02-06
216,Baranagar,700090,1007,2,2,4,2012,Yes,2.3,5940,59.79,22.6619,88.3687,2025-02-05
217,Behala,700060,1282,3,2,7,2015,No,2.5,5860,75.05,22.4882,88.3045,2025-02-07
218,Ballygunge,700020,1415,3,3,12,2021,Yes,1.1,6870,97.12,22.5240,88.3652,2025-02-08
219,Howrah (Shalimar),711103,1215,3,2,7,2017,No,3.4,5740,69.68,22.5806,88.3110,2025-02-09
220,Dumdum,700055,1328,3,3,8,2018,Yes,1.2,6150,81.74,22.6312,88.4219,2025-02-10
221,Garia,700047,945,2,2,3,2010,No,1.9,5910,55.85,22.4636,88.3918,2025-02-05
222,Esplanade,700069,768,1,1,3,2008,No,0.7,7030,53.82,22.5685,88.3520,2025-02-07
223,Jadavpur,700032,1095,2,2,5,2014,Yes,1.6,6020,65.99,22.4938,88.3723,2025-02-08
224,Lake Town,700089,830,2,1,4,2009,No,0.9,6010,49.91,22.6074,88.4053,2025-02-09
225,Rajarhat,700135,1440,3,3,11,2020,Yes,2.0,6410,92.22,22.5983,88.4734,2025-02-06
226,Shyambazar,700004,918,2,1,3,2010,No,0.5,5950,54.66,22.6029,88.3711,2025-02-07
227,Salt Lake (Bidhannagar),700106,1548,3,3,13,2023,Yes,1.1,6800,105.26,22.5945,88.4086,2025-02-09
228,Park Street,700016,1240,3,3,9,2019,Yes,0.8,7410,91.88,22.5543,88.3507,2025-02-08
229,Baranagar,700035,1172,3,2,6,2015,No,2.6,6030,70.73,22.6569,88.3685,2025-02-10
230,Behala,700034,1220,3,2,5,2013,Yes,2.3,5870,71.61,22.4893,88.3149,2025-02-06
231,Ballygunge,700019,1270,3,3,10,2018,Yes,1.0,6840,87.05,22.5216,88.3661,2025-02-07
232,Dumdum,700055,948,2,2,4,2010,No,1.1,6030,57.19,22.6308,88.4226,2025-02-08
233,Garia,700084,1108,2,2,4,2014,No,1.8,5970,66.07,22.4601,88.3950,2025-02-09
234,Howrah (Shalimar),711102,1237,3,2,8,2018,No,3.5,5770,71.38,22.5815,88.3126,2025-02-10
235,Jadavpur,700032,970,2,2,3,2009,Yes,1.5,5990,57.91,22.4945,88.3726,2025-02-06
236,Esplanade,700069,742,1,1,3,2007,No,0.6,7040,52.18,22.5688,88.3518,2025-02-05
237,Lake Town,700089,1010,2,2,5,2013,Yes,1.0,6080,61.41,22.6065,88.4055,2025-02-07
238,Rajarhat,700135,1398,3,3,10,2019,Yes,2.1,6440,89.96,22.5976,88.4743,2025-02-08
239,Salt Lake (Bidhannagar),700064,1340,3,3,11,2018,Yes,1.0,6660,88.99,22.5874,88.4175,2025-02-06
240,Tollygunge,700033,1300,3,3,11,2019,Yes,1.1,6670,86.69,22.5002,88.3496,2025-02-07
241,Baranagar,700108,1225,3,2,7,2016,No,2.5,6070,74.42,22.6676,88.3680,2025-02-05
242,Behala,700008,1185,3,2,6,2014,No,2.8,5830,68.73,22.4855,88.2999,2025-02-07
243,Ballygunge,700020,1460,3,3,13,2022,Yes,1.2,6900,100.74,22.5244,88.3642,2025-02-09
244,Dumdum,700055,1025,2,2,5,2012,No,1.3,6040,62.06,22.6303,88.4231,2025-02-08
245,Garia,700047,988,2,2,3,2010,No,1.7,5930,58.51,22.4648,88.3906,2025-02-10
246,Howrah (Shalimar),711105,1182,3,2,6,2016,No,3.6,5710,67.51,22.5842,88.3097,2025-02-06
247,Shyambazar,700004,945,2,1,3,2012,No,0.7,5970,56.38,22.6041,88.3722,2025-02-07
248,Park Street,700016,1490,3,3,14,2023,Yes,0.9,7540,112.47,22.5532,88.3514,2025-02-08
249,New Town,700156,1188,3,2,7,2017,No,2.4,6330,75.21,22.5839,88.4886,2025-02-09
250,Salt Lake (Bidhannagar),700106,1525,3,3,12,2023,Yes,1.0,6780,103.38,22.5949,88.4081,2025-02-07
251,Baranagar,700035,1208,3,2,6,2013,Yes,2.2,6050,73.12,22.6613,88.3682,2025-02-10
252,Behala,700061,1250,3,2,7,2015,No,2.6,5890,73.51,22.4870,88.3025,2025-02-09
253,Ballygunge,700019,1402,3,3,12,2019,Yes,1.0,6880,96.61,22.5232,88.3647,2025-02-08
254,Dumdum,700056,1115,2,2,5,2013,No,1.4,6120,68.28,22.6295,88.4236,2025-02-07
255,Esplanade,700069,820,1,1,3,2008,No,0.6,7120,58.38,22.5695,88.3515,2025-02-06
256,Garia,700084,1052,2,2,4,2014,No,1.9,5980,62.90,22.4605,88.3952,2025-02-05
257,Howrah (Shalimar),711103,1140,3,2,5,2015,No,3.7,5740,65.44,22.5831,88.3117,2025-02-10
258,Jadavpur,700032,1020,2,2,4,2011,Yes,1.5,6010,61.22,22.4942,88.3720,2025-02-09
259,Lake Town,700089,865,2,1,4,2007,No,1.0,6070,52.45,22.6067,88.4062,2025-02-08
260,New Town,700156,1445,3,3,12,2020,Yes,2.2,6630,95.73,22.5853,88.4875,2025-02-07
261,Rajarhat,700135,1195,3,2,8,2016,No,2.0,6320,75.46,22.5975,88.4752,2025-02-06
262,Park Street,700016,1370,3,3,10,2021,Yes,0.7,7480,102.57,22.5550,88.3510,2025-02-05
263,Salt Lake (Bidhannagar),700064,1490,3,3,12,2022,Yes,1.2,6760,100.82,22.5878,88.4175,2025-02-09
264,Shyambazar,700004,990,2,2,5,2014,No,0.6,6000,59.40,22.6036,88.3731,2025-02-08
265,Tollygunge,700033,1330,3,3,11,2020,Yes,1.0,6670,88.81,22.4997,88.3501,2025-02-07
266,Baranagar,700090,1015,2,2,4,2012,Yes,2.3,5950,60.34,22.6620,88.3688,2025-02-06
267,Behala,700060,1290,3,2,7,2015,No,2.5,5870,75.66,22.4884,88.3047,2025-02-05
268,Ballygunge,700020,1420,3,3,12,2021,Yes,1.1,6890,97.78,22.5242,88.3654,2025-02-06
269,Howrah (Shalimar),711102,1225,3,2,7,2017,No,3.5,5750,70.44,22.5817,88.3125,2025-02-07
270,Dumdum,700055,1335,3,3,8,2018,Yes,1.2,6160,82.26,22.6315,88.4218,2025-02-08
271,Garia,700047,950,2,2,3,2010,No,1.9,5920,56.24,22.4638,88.3919,2025-02-09
272,Esplanade,700069,770,1,1,3,2008,No,0.7,7050,54.29,22.5687,88.3521,2025-02-10
273,Jadavpur,700032,1100,2,2,5,2014,Yes,1.6,6030,66.33,22.4939,88.3725,2025-02-06
274,Lake Town,700089,835,2,1,4,2009,No,0.9,6020,50.28,22.6070,88.4056,2025-02-07
275,Rajarhat,700135,1450,3,3,11,2020,Yes,2.0,6420,93.09,22.5985,88.4737,2025-02-08
276,Shyambazar,700004,920,2,1,3,2010,No,0.5,5960,54.83,22.6030,88.3713,2025-02-09
277,Salt Lake (Bidhannagar),700106,1550,3,3,13,2023,Yes,1.1,6810,105.55,22.5946,88.4088,2025-02-10
278,Park Street,700016,1250,3,3,9,2019,Yes,0.8,7420,92.75,22.5544,88.3508,2025-02-06
279,Baranagar,700035,1180,3,2,6,2015,No,2.6,6040,71.27,22.6570,88.3686,2025-02-07
280,Behala,700034,1230,3,2,5,2013,Yes,2.3,5880,72.32,22.4895,88.3151,2025-02-08
281,Ballygunge,700019,1275,3,3,10,2018,Yes,1.0,6850,87.34,22.5218,88.3663,2025-02-09
282,Dumdum,700055,950,2,2,4,2010,No,1.1,6040,57.38,22.6309,88.4228,2025-02-10
283,Garia,700084,1110,2,2,4,2014,No,1.8,5980,66.46,22.4603,88.3951,2025-02-06
284,Howrah (Shalimar),711105,1240,3,2,8,2018,No,3.6,5760,71.42,22.5840,88.3095,2025-02-07
285,Jadavpur,700032,975,2,2,3,2009,Yes,1.5,6000,58.50,22.4946,88.3727,2025-02-08
286,Esplanade,700069,745,1,1,3,2007,No,0.6,7060,52.56,22.5689,88.3519,2025-02-09
287,Lake Town,700089,1015,2,2,5,2013,Yes,1.0,6090,61.88,22.6066,88.4054,2025-02-10
288,Rajarhat,700135,1405,3,3,10,2019,Yes,2.1,6450,90.63,22.5978,88.4740,2025-02-06
289,Salt Lake (Bidhannagar),700064,1345,3,3,11,2018,Yes,1.0,6670,89.74,22.5877,88.4174,2025-02-07
290,Tollygunge,700033,1310,3,3,11,2019,Yes,1.1,6680,87.51,22.5003,88.3498,2025-02-08
291,Baranagar,700108,1230,3,2,7,2016,No,2.5,6080,74.78,22.6677,88.3683,2025-02-09
292,Behala,700008,1190,3,2,6,2014,No,2.8,5840,69.50,22.4858,88.3001,2025-02-10
293,Ballygunge,700020,1470,3,3,13,2022,Yes,1.2,6910,101.48,22.5245,88.3645,2025-02-06
294,Dumdum,700055,1030,2,2,5,2012,No,1.3,6050,62.30,22.6305,88.4232,2025-02-07
295,Garia,700047,990,2,2,3,2010,No,1.7,5940,58.71,22.4650,88.3908,2025-02-08
296,Howrah (Shalimar),711102,1190,3,2,6,2016,No,3.6,5720,68.07,22.5845,88.3100,2025-02-09
297,Shyambazar,700004,950,2,1,3,2012,No,0.7,5980,56.81,22.6042,88.3724,2025-02-10
298,Park Street,700016,1500,3,3,14,2023,Yes,0.9,7550,113.25,22.5533,88.3516,2025-02-06
299,New Town,700156,1195,3,2,7,2017,No,2.4,6340,75.74,22.5841,88.4888,2025-02-07
300,Salt Lake (Bidhannagar),700106,1530,3,3,12,2023,Yes,1.0,6790,103.79,22.5950,88.4083,2025-02-08
301,Baranagar,700035,1280,3,2,6,2015,No,2.2,6100,78.08,22.6610,88.3680,2025-02-09
302,Behala,700063,1315,3,2,7,2016,Yes,2.7,5950,78.19,22.4860,88.3015,2025-02-08
303,Ballygunge,700019,1380,3,3,11,2020,Yes,1.0,6900,95.22,22.5238,88.3649,2025-02-07
304,Dumdum,700056,1105,2,2,5,2014,No,1.4,6180,68.50,22.6298,88.4233,2025-02-06
305,Esplanade,700069,830,1,1,3,2009,No,0.6,7150,59.45,22.5692,88.3516,2025-02-05
306,Garia,700084,1080,2,2,4,2015,No,1.9,6000,64.80,22.4610,88.3950,2025-02-04
307,Howrah (Shalimar),711103,1160,3,2,6,2017,No,3.7,5800,67.28,22.5830,88.3115,2025-02-03
308,Jadavpur,700032,1030,2,2,4,2012,Yes,1.5,6050,62.32,22.4940,88.3722,2025-02-02
309,Lake Town,700089,870,2,1,4,2008,No,1.0,6100,53.07,22.6072,88.4060,2025-02-01
310,New Town,700156,1450,3,3,12,2021,Yes,2.2,6650,96.43,22.5850,88.4870,2025-02-10
311,Rajarhat,700135,1200,3,2,8,2016,No,2.0,6350,76.20,22.5970,88.4750,2025-02-09
312,Park Street,700016,1385,3,3,10,2021,Yes,0.7,7500,103.88,22.5555,88.3509,2025-02-08
313,Salt Lake (Bidhannagar),700064,1505,3,3,12,2022,Yes,1.2,6780,102.27,22.5880,88.4177,2025-02-07
314,Shyambazar,700004,995,2,2,5,2014,No,0.6,6020,59.90,22.6035,88.3730,2025-02-06
315,Tollygunge,700033,1340,3,3,11,2020,Yes,1.0,6700,89.78,22.5000,88.3500,2025-02-05
316,Baranagar,700090,1025,2,2,4,2013,Yes,2.3,5980,61.35,22.6615,88.3685,2025-02-04
317,Behala,700060,1300,3,2,7,2015,No,2.5,5900,76.70,22.4878,88.3040,2025-02-03
318,Ballygunge,700020,1435,3,3,12,2021,Yes,1.1,6920,99.38,22.5240,88.3650,2025-02-02
319,Howrah (Shalimar),711102,1230,3,2,7,2017,No,3.5,5780,71.09,22.5820,88.3120,2025-02-01
320,Dumdum,700055,1340,3,3,8,2018,Yes,1.2,6200,83.08,22.6310,88.4215,2025-02-10
321,Garia,700047,960,2,2,3,2010,No,1.9,5950,57.12,22.4640,88.3920,2025-02-09
322,Esplanade,700069,775,1,1,3,2008,No,0.7,7100,55.03,22.5685,88.3520,2025-02-08
323,Jadavpur,700032,1110,2,2,5,2014,Yes,1.6,6070,67.38,22.4945,88.3725,2025-02-07
324,Lake Town,700089,840,2,1,4,2009,No,0.9,6050,50.82,22.6068,88.4055,2025-02-06
325,Rajarhat,700135,1460,3,3,11,2020,Yes,2.0,6450,94.17,22.5980,88.4735,2025-02-05
326,Shyambazar,700004,925,2,1,3,2010,No,0.5,5980,55.27,22.6032,88.3710,2025-02-04
327,Salt Lake (Bidhannagar),700106,1555,3,3,13,2023,Yes,1.1,6820,105.88,22.5948,88.4090,2025-02-03
328,Park Street,700016,1260,3,3,9,2019,Yes,0.8,7450,93.87,22.5540,88.3507,2025-02-02
329,Baranagar,700035,1190,3,2,6,2015,No,2.6,6060,72.11,22.6575,88.3687,2025-02-01
330,Behala,700034,1240,3,2,5,2013,Yes,2.3,5900,73.16,22.4900,88.3150,2025-02-10
331,Ballygunge,700019,1280,3,3,10,2018,Yes,1.0,6880,88.06,22.5215,88.3660,2025-02-09
332,Dumdum,700055,960,2,2,4,2010,No,1.1,6060,58.18,22.6305,88.4220,2025-02-08
333,Garia,700084,1120,2,2,4,2014,No,1.8,6000,67.20,22.4605,88.3952,2025-02-07
334,Howrah (Shalimar),711105,1250,3,2,8,2018,No,3.6,5800,72.50,22.5842,88.3098,2025-02-06
335,Jadavpur,700032,980,2,2,3,2009,Yes,1.5,6020,59.10,22.4948,88.3726,2025-02-05
336,Esplanade,700069,750,1,1,3,2007,No,0.6,7070,52.95,22.5688,88.3522,2025-02-04
337,Lake Town,700089,1020,2,2,5,2013,Yes,1.0,6100,62.22,22.6065,88.4050,2025-02-03
338,Rajarhat,700135,1410,3,3,10,2019,Yes,2.1,6480,91.37,22.5982,88.4740,2025-02-02
339,Salt Lake (Bidhannagar),700064,1350,3,3,11,2018,Yes,1.0,6680,90.18,22.5875,88.4170,2025-02-01
340,Tollygunge,700033,1320,3,3,11,2019,Yes,1.1,6700,88.44,22.5005,88.3495,2025-02-10
341,Baranagar,700108,1240,3,2,7,2016,No,2.5,6100,75.64,22.6675,88.3682,2025-02-09
342,Behala,700008,1200,3,2,6,2014,No,2.8,5850,70.20,22.4860,88.3000,2025-02-08
343,Ballygunge,700020,1480,3,3,13,2022,Yes,1.2,6930,102.32,22.5248,88.3648,2025-02-07
344,Dumdum,700055,1040,2,2,5,2012,No,1.3,6080,63.23,22.6307,88.4230,2025-02-06
345,Garia,700047,1000,2,2,3,2010,No,1.7,5960,59.60,22.4652,88.3915,2025-02-05
346,Howrah (Shalimar),711102,1200,3,2,6,2016,No,3.6,5750,69.00,22.5847,88.3105,2025-02-04
347,Shyambazar,700004,955,2,1,3,2012,No,0.7,6000,57.30,22.6040,88.3720,2025-02-03
348,Park Street,700016,1510,3,3,14,2023,Yes,0.9,7580,114.56,22.5530,88.3515,2025-02-02
349,New Town,700156,1200,3,2,7,2017,No,2.4,6370,76.44,22.5843,88.4885,2025-02-01
350,Salt Lake (Bidhannagar),700106,1540,3,3,12,2023,Yes,1.0,6800,104.72,22.5952,88.4085,2025-02-10
351,Rajarhat,700135,1380,3,3,9,2019,Yes,2.0,6500,89.70,22.5975,88.4742,2025-02-09
352,Tollygunge,700033,1335,3,3,11,2020,Yes,1.0,6720,89.75,22.5001,88.3497,2025-02-08
353,Lake Town,700089,875,2,1,4,2008,No,1.0,6120,53.55,22.6075,88.4065,2025-02-07
354,Baranagar,700035,1290,3,2,6,2015,No,2.2,6120,79.15,22.6612,88.3681,2025-02-06
355,Behala,700063,1320,3,2,7,2016,Yes,2.7,5980,78.94,22.4862,88.3018,2025-02-05
356,Ballygunge,700019,1390,3,3,11,2020,Yes,1.0,6910,96.05,22.5235,88.3645,2025-02-04
357,Dumdum,700056,1110,2,2,5,2014,No,1.4,6200,68.82,22.6297,88.4234,2025-02-03
358,Esplanade,700069,835,1,1,3,2009,No,0.6,7180,59.87,22.5690,88.3517,2025-02-02
359,Garia,700084,1090,2,2,4,2015,No,1.9,6020,65.52,22.4608,88.3953,2025-02-01
360,Howrah (Shalimar),711103,1170,3,2,6,2017,No,3.7,5820,68.09,22.5833,88.3118,2025-02-10
361,Jadavpur,700032,1040,2,2,4,2012,Yes,1.5,6080,63.23,22.4942,88.3723,2025-02-09
362,Lake Town,700089,875,2,1,4,2008,No,1.0,6130,53.88,22.6073,88.4061,2025-02-08
363,New Town,700156,1460,3,3,12,2021,Yes,2.2,6680,97.53,22.5851,88.4872,2025-02-07
364,Rajarhat,700135,1210,3,2,8,2016,No,2.0,6380,77.10,22.5972,88.4748,2025-02-06
365,Park Street,700016,1390,3,3,10,2021,Yes,0.7,7520,104.43,22.5552,88.3509,2025-02-05
366,Salt Lake (Bidhannagar),700064,1510,3,3,12,2022,Yes,1.2,6800,102.68,22.5882,88.4179,2025-02-04
367,Shyambazar,700004,1000,2,2,5,2014,No,0.6,6040,60.40,22.6038,88.3732,2025-02-03
368,Tollygunge,700033,1345,3,3,11,2020,Yes,1.0,6710,90.32,22.5002,88.3499,2025-02-02
369,Baranagar,700090,1035,2,2,4,2013,Yes,2.3,6000,62.10,22.6618,88.3686,2025-02-01
370,Behala,700060,1310,3,2,7,2015,No,2.5,5920,77.55,22.4875,88.3042,2025-02-10
371,Ballygunge,700020,1445,3,3,12,2021,Yes,1.1,6940,100.28,22.5243,88.3653,2025-02-09
372,Howrah (Shalimar),711102,1245,3,2,7,2017,No,3.5,5800,72.21,22.5823,88.3123,2025-02-08
373,Dumdum,700055,1350,3,3,8,2018,Yes,1.2,6220,83.97,22.6312,88.4217,2025-02-07
374,Garia,700047,970,2,2,3,2010,No,1.9,5980,57.91,22.4642,88.3917,2025-02-06
375,Esplanade,700069,780,1,1,3,2008,No,0.7,7120,55.54,22.5686,88.3523,2025-02-05
376,Jadavpur,700032,1120,2,2,5,2014,Yes,1.6,6100,68.32,22.4947,88.3727,2025-02-04
377,Lake Town,700089,845,2,1,4,2009,No,0.9,6070,51.19,22.6069,88.4057,2025-02-03
378,Rajarhat,700135,1470,3,3,11,2020,Yes,2.0,6460,94.96,22.5983,88.4738,2025-02-02
379,Salt Lake (Bidhannagar),700106,1560,3,3,13,2023,Yes,1.0,6840,106.70,22.5955,88.4087,2025-02-01
380,Tollygunge,700033,1330,3,3,11,2019,Yes,1.1,6730,89.41,22.5006,88.3496,2025-02-10
381,Baranagar,700108,1250,3,2,7,2016,No,2.5,6120,76.50,22.6678,88.3684,2025-02-09
382,Behala,700008,1210,3,2,6,2014,No,2.8,5880,71.15,22.4863,88.3002,2025-02-08
383,Ballygunge,700019,1490,3,3,13,2022,Yes,1.2,6950,103.25,22.5250,88.3649,2025-02-07
384,Dumdum,700055,1050,2,2,5,2012,No,1.3,6100,64.05,22.6308,88.4231,2025-02-06
385,Garia,700047,1010,2,2,3,2010,No,1.7,5980,60.40,22.4655,88.3917,2025-02-05
386,Howrah (Shalimar),711102,1210,3,2,6,2016,No,3.6,5780,69.94,22.5849,88.3108,2025-02-04
387,Shyambazar,700004,960,2,1,3,2012,No,0.7,6020,57.79,22.6043,88.3723,2025-02-03
388,Park Street,700016,1520,3,3,14,2023,Yes,0.9,7600,115.52,22.5532,88.3518,2025-02-02
389,New Town,700156,1210,3,2,7,2017,No,2.4,6390,77.37,22.5845,88.4887,2025-02-01
390,Salt Lake (Bidhannagar),700106,1550,3,3,12,2023,Yes,1.0,6820,105.71,22.5957,88.4089,2025-02-10
391,Rajarhat,700135,1390,3,3,9,2019,Yes,2.0,6520,90.43,22.5978,88.4745,2025-02-09
392,Tollygunge,700033,1340,3,3,11,2020,Yes,1.0,6740,90.52,22.5007,88.3498,2025-02-08
393,Lake Town,700089,880,2,1,4,2008,No,1.0,6140,54.03,22.6076,88.4068,2025-02-07
394,Baranagar,700035,1300,3,2,6,2015,No,2.2,6140,79.90,22.6615,88.3682,2025-02-06
395,Behala,700063,1330,3,2,7,2016,Yes,2.7,6000,79.80,22.4865,88.3020,2025-02-05
396,Ballygunge,700019,1400,3,3,11,2020,Yes,1.0,6930,97.02,22.5237,88.3650,2025-02-04
397,Dumdum,700056,1120,2,2,5,2014,No,1.4,6220,69.66,22.6299,88.4235,2025-02-03
398,Esplanade,700069,840,1,1,3,2009,No,0.6,7200,60.48,22.5693,88.3518,2025-02-02
399,Garia,700084,1100,2,2,4,2015,No,1.9,6040,66.44,22.4612,88.3954,2025-02-01
400,Howrah (Shalimar),711103,1180,3,2,6,2017,No,3.7,5840,68.91,22.5835,88.3119,2025-02-10
401,Jadavpur,700032,1060,2,2,4,2013,Yes,1.5,6100,64.66,22.4943,88.3728,2025-02-11
402,Lake Town,700089,890,2,1,4,2009,No,1.0,6150,54.74,22.6077,88.4069,2025-02-12
403,New Town,700156,1480,3,3,12,2021,Yes,2.2,6700,99.16,22.5853,88.4875,2025-02-13
404,Rajarhat,700135,1230,3,2,8,2016,No,2.0,6400,78.72,22.5974,88.4749,2025-02-14
405,Park Street,700016,1400,3,3,10,2021,Yes,0.7,7550,105.70,22.5553,88.3510,2025-02-15
406,Salt Lake (Bidhannagar),700064,1520,3,3,12,2022,Yes,1.2,6820,103.66,22.5883,88.4180,2025-02-16
407,Shyambazar,700004,980,2,2,5,2014,No,0.6,6060,59.39,22.6039,88.3733,2025-02-17
408,Tollygunge,700033,1350,3,3,11,2020,Yes,1.0,6750,91.13,22.5003,88.3499,2025-02-18
409,Baranagar,700090,1050,2,2,4,2013,Yes,2.3,6020,63.21,22.6620,88.3687,2025-02-19
410,Behala,700060,1325,3,2,7,2015,No,2.5,5940,78.71,22.4876,88.3043,2025-02-20
411,Ballygunge,700020,1450,3,3,12,2021,Yes,1.1,6950,100.78,22.5244,88.3654,2025-02-21
412,Howrah (Shalimar),711102,1255,3,2,7,2017,No,3.5,5820,72.97,22.5824,88.3124,2025-02-22
413,Dumdum,700055,1360,3,3,8,2018,Yes,1.2,6240,84.86,22.6313,88.4218,2025-02-23
414,Garia,700047,980,2,2,3,2010,No,1.9,6000,58.80,22.4643,88.3918,2025-02-24
415,Esplanade,700069,790,1,1,3,2008,No,0.7,7150,56.48,22.5687,88.3524,2025-02-25
416,Jadavpur,700032,1130,2,2,5,2014,Yes,1.6,6120,69.16,22.4948,88.3729,2025-02-26
417,Lake Town,700089,850,2,1,4,2009,No,0.9,6080,51.68,22.6070,88.4058,2025-02-27
418,Rajarhat,700135,1480,3,3,11,2020,Yes,2.0,6480,95.90,22.5984,88.4740,2025-02-28
419,Salt Lake (Bidhannagar),700106,1570,3,3,13,2023,Yes,1.0,6860,107.70,22.5958,88.4088,2025-03-01
420,Tollygunge,700033,1345,3,3,11,2019,Yes,1.1,6760,90.84,22.5004,88.3497,2025-03-02
421,Baranagar,700108,1260,3,2,7,2016,No,2.5,6140,77.36,22.6679,88.3685,2025-03-03
422,Behala,700008,1220,3,2,6,2014,No,2.8,5900,72.10,22.4864,88.3003,2025-03-04
423,Ballygunge,700019,1500,3,3,13,2022,Yes,1.2,6960,104.16,22.5251,88.3650,2025-03-05
424,Dumdum,700055,1060,2,2,5,2012,No,1.3,6120,64.87,22.6309,88.4232,2025-03-06
425,Garia,700047,1020,2,2,3,2010,No,1.7,6000,61.20,22.4656,88.3918,2025-03-07
426,Howrah (Shalimar),711102,1220,3,2,6,2016,No,3.6,5800,70.76,22.5850,88.3109,2025-03-08
427,Shyambazar,700004,970,2,1,3,2012,No,0.7,6040,58.59,22.6044,88.3724,2025-03-09
428,Park Street,700016,1530,3,3,14,2023,Yes,0.9,7620,116.49,22.5533,88.3519,2025-03-10
429,New Town,700156,1220,3,2,7,2017,No,2.4,6410,78.20,22.5846,88.4888,2025-03-11
430,Salt Lake (Bidhannagar),700106,1560,3,3,12,2023,Yes,1.0,6840,106.70,22.5959,88.4090,2025-03-12
431,Rajarhat,700135,1400,3,3,9,2019,Yes,2.0,6540,91.56,22.5980,88.4746,2025-03-13
432,Tollygunge,700033,1345,3,3,11,2020,Yes,1.0,6780,91.53,22.5005,88.3499,2025-03-14
433,Lake Town,700089,885,2,1,4,2008,No,1.0,6160,54.46,22.6078,88.4069,2025-03-15
434,Baranagar,700035,1310,3,2,6,2015,No,2.2,6160,80.70,22.6617,88.3683,2025-03-16
435,Behala,700063,1340,3,2,7,2016,Yes,2.7,6020,80.87,22.4866,88.3021,2025-03-17
436,Ballygunge,700019,1410,3,3,11,2020,Yes,1.0,6940,97.75,22.5238,88.3651,2025-03-18
437,Dumdum,700056,1130,2,2,5,2014,No,1.4,6240,70.51,22.6300,88.4236,2025-03-19
438,Esplanade,700069,845,1,1,3,2009,No,0.6,7220,60.91,22.5694,88.3519,2025-03-20
439,Garia,700084,1110,2,2,4,2015,No,1.9,6060,67.17,22.4614,88.3955,2025-03-21
440,Howrah (Shalimar),711103,1190,3,2,6,2017,No,3.7,5860,69.73,22.5837,88.3120,2025-03-22
441,Jadavpur,700032,1070,2,2,4,2013,Yes,1.5,6120,65.48,22.4944,88.3730,2025-03-23
442,Lake Town,700089,895,2,1,4,2009,No,1.0,6170,55.21,22.6079,88.4070,2025-03-24
443,New Town,700156,1490,3,3,12,2021,Yes,2.2,6720,99.93,22.5855,88.4877,2025-03-25
444,Rajarhat,700135,1240,3,2,8,2016,No,2.0,6420,79.61,22.5975,88.4750,2025-03-26
445,Park Street,700016,1410,3,3,10,2021,Yes,0.7,7580,106.88,22.5554,88.3511,2025-03-27
446,Salt Lake (Bidhannagar),700064,1530,3,3,12,2022,Yes,1.2,6840,104.65,22.5884,88.4181,2025-03-28
447,Shyambazar,700004,990,2,2,5,2014,No,0.6,6080,60.19,22.6040,88.3734,2025-03-29
448,Tollygunge,700033,1360,3,3,11,2020,Yes,1.0,6770,92.07,22.5006,88.3500,2025-03-30
449,Baranagar,700090,1060,2,2,4,2013,Yes,2.3,6040,64.02,22.6621,88.3688,2025-03-31
450,Behala,700060,1335,3,2,7,2015,No,2.5,5960,79.56,22.4877,88.3044,2025-04-01
451,Ballygunge,700020,1460,3,3,12,2021,Yes,1.1,6960,101.62,22.5245,88.3655,2025-04-02
452,Howrah (Shalimar),711102,1260,3,2,7,2017,No,3.5,5840,73.58,22.5825,88.3125,2025-04-03
453,Dumdum,700055,1370,3,3,8,2018,Yes,1.2,6260,85.86,22.6314,88.4219,2025-04-04
454,Garia,700047,990,2,2,3,2010,No,1.9,6020,59.60,22.4644,88.3919,2025-04-05
455,Esplanade,700069,795,1,1,3,2008,No,0.7,7180,57.13,22.5688,88.3525,2025-04-06
456,Jadavpur,700032,1140,2,2,5,2014,Yes,1.6,6140,70.00,22.4949,88.3730,2025-04-07
457,Lake Town,700089,855,2,1,4,2009,No,0.9,6100,52.16,22.6071,88.4059,2025-04-08
458,Rajarhat,700135,1490,3,3,11,2020,Yes,2.0,6500,96.85,22.5985,88.4742,2025-04-09
459,Salt Lake (Bidhannagar),700106,1580,3,3,13,2023,Yes,1.0,6880,108.70,22.5960,88.4091,2025-04-10
460,Tollygunge,700033,1350,3,3,11,2019,Yes,1.1,6780,91.53,22.5007,88.3500,2025-04-11
461,Baranagar,700108,1270,3,2,7,2016,No,2.5,6160,78.37,22.6680,88.3686,2025-04-12
462,Behala,700008,1230,3,2,6,2014,No,2.8,5920,72.82,22.4865,88.3004,2025-04-13
463,Ballygunge,700019,1510,3,3,13,2022,Yes,1.2,6970,105.47,22.5252,88.3651,2025-04-14
464,Dumdum,700055,1070,2,2,5,2012,No,1.3,6140,65.70,22.6310,88.4233,2025-04-15
465,Garia,700047,1030,2,2,3,2010,No,1.7,6020,62.06,22.4657,88.3919,2025-04-16
466,Howrah (Shalimar),711102,1230,3,2,6,2016,No,3.6,5820,71.51,22.5851,88.3110,2025-04-17
467,Shyambazar,700004,980,2,1,3,2012,No,0.7,6060,59.39,22.6045,88.3725,2025-04-18
468,Park Street,700016,1540,3,3,14,2023,Yes,0.9,7640,117.76,22.5534,88.3520,2025-04-19
469,New Town,700156,1230,3,2,7,2017,No,2.4,6430,79.19,22.5847,88.4889,2025-04-20
470,Salt Lake (Bidhannagar),700106,1570,3,3,12,2023,Yes,1.0,6860,107.70,22.5961,88.4092,2025-04-21
471,Rajarhat,700135,1410,3,3,9,2019,Yes,2.0,6560,92.50,22.5981,88.4747,2025-04-22
472,Tollygunge,700033,1355,3,3,11,2020,Yes,1.0,6800,92.34,22.5008,88.3501,2025-04-23
473,Lake Town,700089,890,2,1,4,2008,No,1.0,6180,54.80,22.6080,88.4070,2025-04-24
474,Baranagar,700035,1320,3,2,6,2015,No,2.2,6180,81.48,22.6618,88.3684,2025-04-25
475,Behala,700063,1350,3,2,7,2016,Yes,2.7,6040,81.54,22.4867,88.3022,2025-04-26
476,Ballygunge,700019,1420,3,3,11,2020,Yes,1.0,6960,98.83,22.5239,88.3652,2025-04-27
477,Dumdum,700056,1140,2,2,5,2014,No,1.4,6260,71.36,22.6301,88.4237,2025-04-28
478,Esplanade,700069,850,1,1,3,2009,No,0.6,7240,61.40,22.5695,88.3520,2025-04-29
479,Garia,700084,1120,2,2,4,2015,No,1.9,6080,68.10,22.4615,88.3956,2025-04-30
480,Howrah (Shalimar),711103,1200,3,2,6,2017,No,3.7,5880,70.56,22.5838,88.3121,2025-05-01
481,Jadavpur,700032,1080,2,2,4,2013,Yes,1.5,6140,66.31,22.4945,88.3731,2025-05-02
482,Lake Town,700089,900,2,1,4,2009,No,1.0,6190,55.71,22.6081,88.4071,2025-05-03
483,New Town,700156,1500,3,3,12,2021,Yes,2.2,6740,101.10,22.5856,88.4879,2025-05-04
484,Rajarhat,700135,1250,3,2,8,2016,No,2.0,6440,80.50,22.5976,88.4751,2025-05-05
485,Park Street,700016,1420,3,3,10,2021,Yes,0.7,7600,107.92,22.5555,88.3512,2025-05-06
486,Salt Lake (Bidhannagar),700064,1540,3,3,12,2022,Yes,1.2,6860,105.64,22.5885,88.4182,2025-05-07
487,Shyambazar,700004,1000,2,2,5,2014,No,0.6,6100,61.00,22.6041,88.3735,2025-05-08
488,Tollygunge,700033,1370,3,3,11,2020,Yes,1.0,6790,93.02,22.5009,88.3502,2025-05-09
489,Baranagar,700090,1070,2,2,4,2013,Yes,2.3,6060,64.84,22.6622,88.3689,2025-05-10
490,Behala,700060,1340,3,2,7,2015,No,2.5,5980,80.13,22.4878,88.3045,2025-05-11
491,Ballygunge,700020,1470,3,3,12,2021,Yes,1.1,6980,102.81,22.5246,88.3656,2025-05-12
492,Howrah (Shalimar),711102,1270,3,2,7,2017,No,3.5,5860,74.48,22.5826,88.3126,2025-05-13
493,Dumdum,700055,1380,3,3,8,2018,Yes,1.2,6280,86.66,22.6315,88.4220,2025-05-14
494,Garia,700047,1000,2,2,3,2010,No,1.9,6040,60.40,22.4645,88.3920,2025-05-15
495,Esplanade,700069,800,1,1,3,2008,No,0.7,7200,57.60,22.5689,88.3526,2025-05-16
496,Jadavpur,700032,1150,2,2,5,2014,Yes,1.6,6160,70.84,22.4950,88.3732,2025-05-17
497,Lake Town,700089,860,2,1,4,2009,No,0.9,6120,52.63,22.6072,88.4060,2025-05-18
498,Rajarhat,700135,1500,3,3,11,2020,Yes,2.0,6520,97.80,22.5986,88.4743,2025-05-19
499,Salt Lake (Bidhannagar),700106,1590,3,3,13,2023,Yes,1.0,6900,109.71,22.5962,88.4093,2025-05-20
500,Tollygunge,700033,1360,3,3,11,2019,Yes,1.1,6800,92.48,22.5009,88.3503,2025-05-21
501,Jadavpur,700032,1090,2,2,4,2013,Yes,1.5,6180,67.36,22.4946,88.3733,2025-05-22
502,Lake Town,700089,905,2,1,4,2009,No,1.0,6200,56.10,22.6082,88.4072,2025-05-23
503,New Town,700156,1510,3,3,12,2021,Yes,2.2,6760,102.18,22.5857,88.4880,2025-05-24
504,Rajarhat,700135,1260,3,2,8,2016,No,2.0,6460,81.40,22.5977,88.4752,2025-05-25
505,Park Street,700016,1430,3,3,10,2021,Yes,0.7,7620,108.97,22.5556,88.3513,2025-05-26
506,Salt Lake (Bidhannagar),700064,1550,3,3,12,2022,Yes,1.2,6880,106.64,22.5886,88.4183,2025-05-27
507,Shyambazar,700004,1010,2,2,5,2014,No,0.6,6120,61.81,22.6042,88.3736,2025-05-28
508,Tollygunge,700033,1380,3,3,11,2020,Yes,1.0,6820,94.12,22.5010,88.3504,2025-05-29
509,Baranagar,700090,1080,2,2,4,2013,Yes,2.3,6080,65.66,22.6623,88.3690,2025-05-30
510,Behala,700060,1350,3,2,7,2015,No,2.5,6000,81.00,22.4879,88.3046,2025-05-31
511,Ballygunge,700020,1480,3,3,12,2021,Yes,1.1,7000,103.60,22.5247,88.3657,2025-06-01
512,Howrah (Shalimar),711102,1280,3,2,7,2017,No,3.5,5880,75.26,22.5827,88.3127,2025-06-02
513,Dumdum,700055,1390,3,3,8,2018,Yes,1.2,6300,87.57,22.6316,88.4221,2025-06-03
514,Garia,700047,1010,2,2,3,2010,No,1.9,6060,61.06,22.4646,88.3921,2025-06-04
515,Esplanade,700069,805,1,1,3,2008,No,0.7,7240,58.22,22.5690,88.3527,2025-06-05
516,Jadavpur,700032,1160,2,2,5,2014,Yes,1.6,6180,71.69,22.4951,88.3733,2025-06-06
517,Lake Town,700089,865,2,1,4,2009,No,0.9,6140,53.11,22.6073,88.4061,2025-06-07
518,Rajarhat,700135,1510,3,3,11,2020,Yes,2.0,6540,98.95,22.5987,88.4744,2025-06-08
519,Salt Lake (Bidhannagar),700106,1600,3,3,13,2023,Yes,1.0,6920,110.72,22.5963,88.4094,2025-06-09
520,Tollygunge,700033,1370,3,3,11,2019,Yes,1.1,6820,93.43,22.5011,88.3505,2025-06-10
521,Baranagar,700108,1280,3,2,7,2016,No,2.5,6180,79.10,22.6681,88.3687,2025-06-11
522,Behala,700008,1240,3,2,6,2014,No,2.8,5940,73.54,22.4866,88.3005,2025-06-12
523,Ballygunge,700019,1520,3,3,13,2022,Yes,1.2,6980,105.94,22.5253,88.3652,2025-06-13
524,Dumdum,700055,1080,2,2,5,2012,No,1.3,6160,66.53,22.6311,88.4234,2025-06-14
525,Garia,700047,1040,2,2,3,2010,No,1.7,6040,62.82,22.4658,88.3920,2025-06-15
526,Howrah (Shalimar),711102,1240,3,2,6,2016,No,3.6,5840,72.50,22.5852,88.3111,2025-06-16
527,Shyambazar,700004,990,2,1,3,2012,No,0.7,6080,60.19,22.6046,88.3726,2025-06-17
528,Park Street,700016,1550,3,3,14,2023,Yes,0.9,7660,118.73,22.5537,88.3521,2025-06-18
529,New Town,700156,1240,3,2,7,2017,No,2.4,6460,80.10,22.5848,88.4890,2025-06-19
530,Salt Lake (Bidhannagar),700106,1580,3,3,12,2023,Yes,1.0,6880,108.70,22.5964,88.4095,2025-06-20
531,Rajarhat,700135,1420,3,3,9,2019,Yes,2.0,6580,93.44,22.5982,88.4748,2025-06-21
532,Tollygunge,700033,1360,3,3,11,2020,Yes,1.0,6840,93.02,22.5012,88.3506,2025-06-22
533,Lake Town,700089,895,2,1,4,2008,No,1.0,6200,55.40,22.6083,88.4072,2025-06-23
534,Baranagar,700035,1330,3,2,6,2015,No,2.2,6200,82.46,22.6619,88.3685,2025-06-24
535,Behala,700063,1360,3,2,7,2016,Yes,2.7,6060,82.42,22.4868,88.3023,2025-06-25
536,Ballygunge,700019,1430,3,3,11,2020,Yes,1.0,6980,99.61,22.5240,88.3653,2025-06-26
537,Dumdum,700056,1150,2,2,5,2014,No,1.4,6280,72.22,22.6302,88.4238,2025-06-27
538,Esplanade,700069,855,1,1,3,2009,No,0.6,7260,61.92,22.5696,88.3521,2025-06-28
539,Garia,700084,1130,2,2,4,2015,No,1.9,6100,68.93,22.4616,88.3957,2025-06-29
540,Howrah (Shalimar),711103,1210,3,2,6,2017,No,3.7,5900,71.39,22.5839,88.3122,2025-06-30
541,Jadavpur,700032,1100,2,2,4,2013,Yes,1.5,6200,68.20,22.4947,88.3734,2025-07-01
542,Lake Town,700089,910,2,1,4,2009,No,1.0,6220,56.44,22.6084,88.4073,2025-07-02
543,New Town,700156,1520,3,3,12,2021,Yes,2.2,6780,103.06,22.5858,88.4881,2025-07-03
544,Rajarhat,700135,1270,3,2,8,2016,No,2.0,6480,82.30,22.5978,88.4753,2025-07-04
545,Park Street,700016,1440,3,3,10,2021,Yes,0.7,7640,109.70,22.5557,88.3514,2025-07-05
546,Salt Lake (Bidhannagar),700064,1560,3,3,12,2022,Yes,1.2,6900,107.64,22.5887,88.4184,2025-07-06
547,Shyambazar,700004,1020,2,2,5,2014,No,0.6,6140,62.83,22.6043,88.3737,2025-07-07
548,Tollygunge,700033,1390,3,3,11,2020,Yes,1.0,6860,95.25,22.5013,88.3507,2025-07-08
549,Baranagar,700090,1090,2,2,4,2013,Yes,2.3,6100,66.49,22.6624,88.3691,2025-07-09
550,Behala,700060,1360,3,2,7,2015,No,2.5,6020,81.87,22.4880,88.3047,2025-07-10
551,Ballygunge,700020,1490,3,3,12,2021,Yes,1.1,7020,104.60,22.5248,88.3658,2025-07-11
552,Howrah (Shalimar),711102,1290,3,2,7,2017,No,3.5,5900,76.11,22.5828,88.3128,2025-07-12
553,Dumdum,700055,1400,3,3,8,2018,Yes,1.2,6320,88.48,22.6317,88.4222,2025-07-13
554,Garia,700047,1020,2,2,3,2010,No,1.9,6080,62.02,22.4647,88.3922,2025-07-14
555,Esplanade,700069,810,1,1,3,2008,No,0.7,7280,59.06,22.5691,88.3528,2025-07-15
556,Jadavpur,700032,1170,2,2,5,2014,Yes,1.6,6200,72.54,22.4952,88.3734,2025-07-16
557,Lake Town,700089,870,2,1,4,2009,No,0.9,6160,53.59,22.6074,88.4062,2025-07-17
558,Rajarhat,700135,1520,3,3,11,2020,Yes,2.0,6560,99.71,22.5988,88.4745,2025-07-18
559,Salt Lake (Bidhannagar),700106,1610,3,3,13,2023,Yes,1.0,6940,111.83,22.5965,88.4096,2025-07-19
560,Tollygunge,700033,1380,3,3,11,2019,Yes,1.1,6840,94.27,22.5014,88.3508,2025-07-20
561,Baranagar,700108,1290,3,2,7,2016,No,2.5,6200,79.98,22.6682,88.3688,2025-07-21
562,Behala,700008,1250,3,2,6,2014,No,2.8,5960,74.50,22.4867,88.3006,2025-07-22
563,Ballygunge,700019,1530,3,3,13,2022,Yes,1.2,7000,107.10,22.5254,88.3653,2025-07-23
564,Dumdum,700055,1090,2,2,5,2012,No,1.3,6180,67.16,22.6312,88.4235,2025-07-24
565,Garia,700047,1050,2,2,3,2010,No,1.7,6060,63.63,22.4659,88.3921,2025-07-25
566,Howrah (Shalimar),711102,1250,3,2,6,2016,No,3.6,5860,73.21,22.5853,88.3112,2025-07-26
567,Shyambazar,700004,1000,2,1,3,2012,No,0.7,6100,61.00,22.6047,88.3727,2025-07-27
568,Park Street,700016,1560,3,3,14,2023,Yes,0.9,7680,119.81,22.5538,88.3522,2025-07-28
569,New Town,700156,1250,3,2,7,2017,No,2.4,6480,81.00,22.5849,88.4891,2025-07-29
570,Salt Lake (Bidhannagar),700106,1590,3,3,12,2023,Yes,1.0,6900,109.71,22.5966,88.4097,2025-07-30
571,Rajarhat,700135,1430,3,3,9,2019,Yes,2.0,6600,94.38,22.5983,88.4749,2025-07-31
572,Tollygunge,700033,1370,3,3,11,2020,Yes,1.0,6860,94.08,22.5015,88.3509,2025-08-01
573,Lake Town,700089,900,2,1,4,2008,No,1.0,6220,55.98,22.6084,88.4073,2025-08-02
574,Baranagar,700035,1340,3,2,6,2015,No,2.2,6220,83.31,22.6620,88.3686,2025-08-03
575,Behala,700063,1370,3,2,7,2016,Yes,2.7,6080,83.40,22.4869,88.3024,2025-08-04
576,Ballygunge,700019,1440,3,3,11,2020,Yes,1.0,7000,100.80,22.5241,88.3654,2025-08-05
577,Dumdum,700056,1160,2,2,5,2014,No,1.4,6300,73.08,22.6303,88.4239,2025-08-06
578,Esplanade,700069,860,1,1,3,2009,No,0.6,7280,62.61,22.5697,88.3522,2025-08-07
579,Garia,700084,1140,2,2,4,2015,No,1.9,6120,69.77,22.4617,88.3958,2025-08-08
580,Howrah (Shalimar),711103,1220,3,2,6,2017,No,3.7,5920,72.22,22.5840,88.3123,2025-08-09
581,Jadavpur,700032,1110,2,2,4,2013,Yes,1.5,6220,69.04,22.4948,88.3735,2025-08-10
582,Lake Town,700089,915,2,1,4,2009,No,1.0,6240,57.06,22.6085,88.4074,2025-08-11
583,New Town,700156,1530,3,3,12,2021,Yes,2.2,6800,104.04,22.5859,88.4882,2025-08-12
584,Rajarhat,700135,1280,3,2,8,2016,No,2.0,6500,83.20,22.5979,88.4754,2025-08-13
585,Park Street,700016,1450,3,3,10,2021,Yes,0.7,7660,111.07,22.5558,88.3515,2025-08-14
586,Salt Lake (Bidhannagar),700064,1570,3,3,12,2022,Yes,1.2,6920,108.84,22.5888,88.4185,2025-08-15
587,Shyambazar,700004,1030,2,2,5,2014,No,0.6,6160,63.65,22.6044,88.3738,2025-08-16
588,Tollygunge,700033,1400,3,3,11,2020,Yes,1.0,6880,96.64,22.5016,88.3510,2025-08-17
589,Baranagar,700090,1100,2,2,4,2013,Yes,2.3,6120,67.32,22.6625,88.3692,2025-08-18
590,Behala,700060,1370,3,2,7,2015,No,2.5,6040,82.95,22.4881,88.3048,2025-08-19
591,Ballygunge,700020,1500,3,3,12,2021,Yes,1.1,7040,105.60,22.5249,88.3659,2025-08-20
592,Howrah (Shalimar),711102,1300,3,2,7,2017,No,3.5,5920,77.06,22.5829,88.3129,2025-08-21
593,Dumdum,700055,1410,3,3,8,2018,Yes,1.2,6340,89.09,22.6318,88.4223,2025-08-22
594,Garia,700047,1030,2,2,3,2010,No,1.9,6100,63.03,22.4648,88.3923,2025-08-23
595,Esplanade,700069,815,1,1,3,2008,No,0.7,7300,59.45,22.5692,88.3529,2025-08-24
596,Jadavpur,700032,1180,2,2,5,2014,Yes,1.6,6220,73.40,22.4953,88.3735,2025-08-25
597,Lake Town,700089,875,2,1,4,2009,No,0.9,6180,54.08,22.6075,88.4063,2025-08-26
598,Rajarhat,700135,1530,3,3,11,2020,Yes,2.0,6580,100.67,22.5989,88.4746,2025-08-27
599,Salt Lake (Bidhannagar),700106,1620,3,3,13,2023,Yes,1.0,6960,112.75,22.5967,88.4098,2025-08-28
600,Tollygunge,700033,1390,3,3,11,2019,Yes,1.1,6860,95.25,22.5017,88.3511,2025-08-29
601,Jadavpur,700032,1120,2,2,4,2013,Yes,1.5,6240,69.89,22.4949,88.3736,2025-09-01
602,Lake Town,700089,920,2,1,4,2009,No,1.0,6260,57.72,22.6086,88.4075,2025-09-02
603,New Town,700156,1540,3,3,12,2021,Yes,2.2,6820,105.03,22.5860,88.4883,2025-09-03
604,Rajarhat,700135,1290,3,2,8,2016,No,2.0,6520,84.11,22.5980,88.4755,2025-09-04
605,Park Street,700016,1460,3,3,10,2021,Yes,0.7,7680,112.13,22.5559,88.3516,2025-09-05
606,Salt Lake (Bidhannagar),700064,1580,3,3,12,2022,Yes,1.2,6940,109.65,22.5889,88.4186,2025-09-06
607,Shyambazar,700004,1040,2,2,5,2014,No,0.6,6180,64.27,22.6045,88.3739,2025-09-07
608,Tollygunge,700033,1410,3,3,11,2020,Yes,1.0,6900,97.29,22.5018,88.3512,2025-09-08
609,Baranagar,700090,1110,2,2,4,2013,Yes,2.3,6140,68.09,22.6626,88.3693,2025-09-09
610,Behala,700060,1380,3,2,7,2015,No,2.5,6060,83.63,22.4882,88.3049,2025-09-10
611,Ballygunge,700020,1510,3,3,12,2021,Yes,1.1,7060,106.71,22.5250,88.3660,2025-09-11
612,Howrah (Shalimar),711102,1310,3,2,7,2017,No,3.5,5940,77.90,22.5830,88.3130,2025-09-12
613,Dumdum,700055,1420,3,3,8,2018,Yes,1.2,6360,90.31,22.6319,88.4224,2025-09-13
614,Garia,700047,1040,2,2,3,2010,No,1.9,6120,63.65,22.4649,88.3924,2025-09-14
615,Esplanade,700069,820,1,1,3,2008,No,0.7,7320,60.02,22.5693,88.3530,2025-09-15
616,Jadavpur,700032,1190,2,2,5,2014,Yes,1.6,6240,74.26,22.4954,88.3736,2025-09-16
617,Lake Town,700089,880,2,1,4,2009,No,0.9,6200,54.56,22.6076,88.4064,2025-09-17
618,Rajarhat,700135,1540,3,3,11,2020,Yes,2.0,6600,101.64,22.5990,88.4747,2025-09-18
619,Salt Lake (Bidhannagar),700106,1630,3,3,13,2023,Yes,1.0,6980,113.77,22.5968,88.4099,2025-09-19
620,Tollygunge,700033,1400,3,3,11,2019,Yes,1.1,6880,96.32,22.5019,88.3513,2025-09-20
621,Baranagar,700108,1300,3,2,7,2016,No,2.5,6220,80.86,22.6683,88.3689,2025-09-21
622,Behala,700008,1260,3,2,6,2014,No,2.8,5980,75.35,22.4868,88.3007,2025-09-22
623,Ballygunge,700019,1540,3,3,13,2022,Yes,1.2,7020,108.31,22.5255,88.3654,2025-09-23
624,Dumdum,700055,1100,2,2,5,2012,No,1.3,6200,68.20,22.6313,88.4236,2025-09-24
625,Garia,700047,1060,2,2,3,2010,No,1.7,6080,64.45,22.4660,88.3922,2025-09-25
626,Howrah (Shalimar),711102,1260,3,2,6,2016,No,3.6,5880,73.97,22.5854,88.3113,2025-09-26
627,Shyambazar,700004,1010,2,1,3,2012,No,0.7,6120,61.77,22.6048,88.3728,2025-09-27
628,Park Street,700016,1570,3,3,14,2023,Yes,0.9,7700,120.89,22.5539,88.3523,2025-09-28
629,New Town,700156,1260,3,2,7,2017,No,2.4,6500,81.90,22.5850,88.4892,2025-09-29
630,Salt Lake (Bidhannagar),700106,1600,3,3,12,2023,Yes,1.0,6920,110.72,22.5969,88.4100,2025-09-30
631,Rajarhat,700135,1440,3,3,9,2019,Yes,2.0,6620,95.33,22.5984,88.4750,2025-10-01
632,Tollygunge,700033,1380,3,3,11,2020,Yes,1.0,6880,95.14,22.5020,88.3514,2025-10-02
633,Lake Town,700089,905,2,1,4,2008,No,1.0,6240,56.47,22.6087,88.4076,2025-10-03
634,Baranagar,700035,1350,3,2,6,2015,No,2.2,6240,84.00,22.6621,88.3687,2025-10-04
635,Behala,700063,1380,3,2,7,2016,Yes,2.7,6100,84.18,22.4870,88.3025,2025-10-05
636,Ballygunge,700019,1450,3,3,11,2020,Yes,1.0,7020,101.79,22.5242,88.3655,2025-10-06
637,Dumdum,700056,1170,2,2,5,2014,No,1.4,6320,73.94,22.6304,88.4240,2025-10-07
638,Esplanade,700069,865,1,1,3,2009,No,0.6,7300,63.10,22.5698,88.3523,2025-10-08
639,Garia,700084,1150,2,2,4,2015,No,1.9,6140,70.61,22.4618,88.3959,2025-10-09
640,Howrah (Shalimar),711103,1230,3,2,6,2017,No,3.7,5940,73.06,22.5841,88.3124,2025-10-10
641,Jadavpur,700032,1130,2,2,4,2013,Yes,1.5,6260,70.64,22.4950,88.3737,2025-10-11
642,Lake Town,700089,930,2,1,4,2009,No,1.0,6280,58.40,22.6088,88.4077,2025-10-12
643,New Town,700156,1550,3,3,12,2021,Yes,2.2,6840,106.02,22.5861,88.4884,2025-10-13
644,Rajarhat,700135,1300,3,2,8,2016,No,2.0,6540,85.02,22.5981,88.4756,2025-10-14
645,Park Street,700016,1470,3,3,10,2021,Yes,0.7,7700,113.19,22.5560,88.3517,2025-10-15
646,Salt Lake (Bidhannagar),700064,1590,3,3,12,2022,Yes,1.2,6960,110.66,22.5890,88.4187,2025-10-16
647,Shyambazar,700004,1050,2,2,5,2014,No,0.6,6200,65.10,22.6046,88.3740,2025-10-17
648,Tollygunge,700033,1420,3,3,11,2020,Yes,1.0,6920,98.06,22.5021,88.3515,2025-10-18
649,Baranagar,700090,1120,2,2,4,2013,Yes,2.3,6160,69.00,22.6627,88.3694,2025-10-19
650,Behala,700060,1390,3,2,7,2015,No,2.5,6080,84.31,22.4883,88.3050,2025-10-20
651,Ballygunge,700020,1520,3,3,12,2021,Yes,1.1,7040,107.01,22.5251,88.3661,2025-10-21
652,Howrah (Shalimar),711105,1280,3,2,6,2016,No,3.8,5900,75.52,22.5825,88.3140,2025-10-22
653,Dumdum,700056,1190,2,2,5,2014,No,1.4,6340,75.45,22.6310,88.4239,2025-10-23
654,Garia,700084,1160,2,2,4,2015,No,1.9,6160,71.46,22.4620,88.3960,2025-10-24
655,Esplanade,700069,880,1,1,3,2009,No,0.6,7340,64.59,22.5695,88.3529,2025-10-25
656,Jadavpur,700032,1140,2,2,4,2013,Yes,1.5,6280,71.59,22.4948,88.3738,2025-10-26
657,Lake Town,700089,940,2,1,4,2009,No,1.0,6300,59.22,22.6089,88.4078,2025-10-27
658,Rajarhat,700135,1560,3,3,12,2021,Yes,2.1,6860,107.02,22.5982,88.4757,2025-10-28
659,Salt Lake (Bidhannagar),700106,1640,3,3,13,2023,Yes,1.0,7000,114.80,22.5970,88.4101,2025-10-29
660,Tollygunge,700033,1430,3,3,11,2020,Yes,1.0,6940,99.24,22.5022,88.3516,2025-10-30
661,Baranagar,700108,1310,3,2,7,2016,No,2.5,6240,81.74,22.6684,88.3690,2025-10-31
662,Behala,700008,1270,3,2,6,2014,No,2.8,6000,76.20,22.4869,88.3008,2025-11-01
663,Ballygunge,700019,1550,3,3,13,2022,Yes,1.2,7040,109.12,22.5256,88.3655,2025-11-02
664,Dumdum,700055,1110,2,2,5,2012,No,1.3,6220,69.04,22.6314,88.4237,2025-11-03
665,Garia,700047,1070,2,2,3,2010,No,1.7,6100,65.27,22.4661,88.3923,2025-11-04
666,Howrah (Shalimar),711114,1250,3,2,6,2017,No,3.9,5960,74.50,22.5835,88.3135,2025-11-05
667,Shyambazar,700004,1020,2,1,3,2012,No,0.7,6140,62.71,22.6049,88.3729,2025-11-06
668,Park Street,700016,1580,3,3,14,2023,Yes,0.9,7720,121.98,22.5540,88.3524,2025-11-07
669,New Town,700156,1270,3,2,7,2017,No,2.5,6520,82.80,22.5851,88.4893,2025-11-08
670,Salt Lake (Bidhannagar),700064,1610,3,3,12,2022,Yes,1.2,6940,111.83,22.5891,88.4188,2025-11-09
671,Rajarhat,700135,1450,3,3,9,2019,Yes,2.0,6640,96.28,22.5985,88.4751,2025-11-10
672,Tollygunge,700033,1390,3,3,11,2020,Yes,1.0,6900,96.21,22.5023,88.3517,2025-11-11
673,Lake Town,700089,910,2,1,4,2008,No,1.0,6260,56.97,22.6080,88.4073,2025-11-12
674,Baranagar,700035,1360,3,2,6,2015,No,2.2,6260,85.14,22.6622,88.3688,2025-11-13
675,Behala,700061,1390,3,2,7,2016,Yes,2.7,6120,85.07,22.4871,88.3026,2025-11-14
676,Ballygunge,700019,1460,3,3,11,2020,Yes,1.0,7040,102.78,22.5243,88.3656,2025-11-15
677,Dumdum,700056,1180,2,2,5,2014,No,1.4,6360,74.85,22.6305,88.4241,2025-11-16
678,Esplanade,700069,870,1,1,3,2009,No,0.6,7320,63.80,22.5699,88.3524,2025-11-17
679,Garia,700084,1165,2,2,4,2015,No,1.9,6180,71.97,22.4619,88.3958,2025-11-18
680,Howrah (Shalimar),711103,1240,3,2,6,2017,No,3.7,5960,73.90,22.5842,88.3125,2025-11-19
681,Jadavpur,700032,1135,2,2,4,2013,Yes,1.5,6280,71.27,22.4951,88.3739,2025-11-20
682,Lake Town,700089,935,2,1,4,2009,No,1.0,6320,59.06,22.6090,88.4079,2025-11-21
683,New Town,700156,1560,3,3,12,2021,Yes,2.2,6860,107.02,22.5862,88.4885,2025-11-22
684,Rajarhat,700135,1310,3,2,8,2016,No,2.0,6560,85.94,22.5983,88.4758,2025-11-23
685,Park Street,700016,1480,3,3,10,2021,Yes,0.7,7740,114.55,22.5561,88.3518,2025-11-24
686,Salt Lake (Bidhannagar),700064,1600,3,3,12,2022,Yes,1.2,6980,111.68,22.5892,88.4189,2025-11-25
687,Shyambazar,700004,1055,2,2,5,2014,No,0.6,6220,65.66,22.6047,88.3741,2025-11-26
688,Tollygunge,700033,1435,3,3,11,2020,Yes,1.0,6960,99.88,22.5024,88.3518,2025-11-27
689,Baranagar,700090,1125,2,2,4,2013,Yes,2.3,6180,69.45,22.6628,88.3695,2025-11-28
690,Behala,700060,1395,3,2,7,2015,No,2.5,6100,85.05,22.4884,88.3051,2025-11-29
691,Ballygunge,700020,1530,3,3,12,2021,Yes,1.1,7060,107.91,22.5252,88.3662,2025-11-30
692,Howrah (Shalimar),711102,1290,3,2,6,2016,No,3.6,5920,76.37,22.5831,88.3114,2025-12-01
693,Dumdum,700055,1125,2,2,5,2012,No,1.3,6240,70.20,22.6315,88.4238,2025-12-02
694,Garia,700047,1080,2,2,3,2010,No,1.7,6120,65.90,22.4662,88.3925,2025-12-03
695,Esplanade,700069,890,1,1,3,2009,No,0.6,7360,65.50,22.5700,88.3525,2025-12-04
696,Jadavpur,700032,1145,2,2,4,2013,Yes,1.5,6300,72.14,22.4952,88.3740,2025-12-05
697,Lake Town,700089,945,2,1,4,2009,No,1.0,6340,59.97,22.6091,88.4080,2025-12-06
698,Rajarhat,700135,1570,3,3,12,2021,Yes,2.1,6880,108.24,22.5986,88.4759,2025-12-07
699,Salt Lake (Bidhannagar),700106,1650,3,3,13,2023,Yes,1.0,7020,115.83,22.5971,88.4102,2025-12-08
700,Tollygunge,700033,1440,3,3,11,2020,Yes,1.0,6980,100.51,22.5025,88.3519,2025-12-09
701,Ballygunge,700019,1540,3,3,12,2021,Yes,1.1,7080,109.03,22.5254,88.3663,2025-12-10
702,Howrah (Shalimar),711105,1260,3,2,6,2017,No,3.8,5940,74.84,22.5829,88.3141,2025-12-11
703,Dumdum,700056,1200,2,2,5,2014,No,1.4,6380,76.56,22.6312,88.4240,2025-12-12
704,Garia,700084,1170,2,2,4,2015,No,1.9,6200,72.54,22.4622,88.3961,2025-12-13
705,Esplanade,700069,890,1,1,3,2009,No,0.6,7380,65.58,22.5696,88.3530,2025-12-14
706,Jadavpur,700032,1150,2,2,4,2013,Yes,1.5,6320,72.68,22.4949,88.3739,2025-12-15
707,Lake Town,700089,950,2,1,4,2009,No,1.0,6360,60.42,22.6092,88.4079,2025-12-16
708,Rajarhat,700135,1580,3,3,12,2021,Yes,2.1,6900,109.02,22.5987,88.4758,2025-12-17
709,Salt Lake (Bidhannagar),700106,1660,3,3,13,2023,Yes,1.0,7040,116.86,22.5972,88.4102,2025-12-18
710,Tollygunge,700033,1450,3,3,11,2020,Yes,1.0,7000,101.50,22.5026,88.3520,2025-12-19
711,Baranagar,700108,1320,3,2,7,2016,No,2.5,6260,82.63,22.6685,88.3691,2025-12-20
712,Behala,700008,1280,3,2,6,2014,No,2.8,6020,77.06,22.4870,88.3009,2025-12-21
713,Ballygunge,700020,1560,3,3,13,2022,Yes,1.2,7060,110.14,22.5257,88.3657,2025-12-22
714,Dumdum,700055,1120,2,2,5,2012,No,1.3,6240,69.89,22.6313,88.4239,2025-12-23
715,Garia,700047,1085,2,2,3,2010,No,1.7,6140,66.60,22.4663,88.3924,2025-12-24
716,Howrah (Shalimar),711114,1265,3,2,6,2017,No,3.9,5980,75.66,22.5836,88.3136,2025-12-25
717,Shyambazar,700004,1030,2,1,3,2012,No,0.7,6160,63.55,22.6050,88.3730,2025-12-26
718,Park Street,700016,1590,3,3,14,2023,Yes,0.9,7760,123.38,22.5541,88.3525,2025-12-27
719,New Town,700156,1280,3,2,7,2017,No,2.5,6540,83.71,22.5852,88.4894,2025-12-28
720,Salt Lake (Bidhannagar),700064,1620,3,3,12,2022,Yes,1.2,6960,112.75,22.5892,88.4189,2025-12-29
721,Rajarhat,700135,1460,3,3,9,2019,Yes,2.0,6660,97.24,22.5985,88.4752,2025-12-30
722,Tollygunge,700033,1400,3,3,11,2020,Yes,1.0,6920,96.88,22.5023,88.3517,2025-12-31
723,Lake Town,700089,915,2,1,4,2008,No,1.0,6280,57.48,22.6081,88.4074,2026-01-01
724,Baranagar,700035,1370,3,2,6,2015,No,2.2,6280,86.03,22.6623,88.3689,2026-01-02
725,Behala,700061,1400,3,2,7,2016,Yes,2.7,6140,85.96,22.4872,88.3027,2026-01-03
726,Ballygunge,700019,1470,3,3,11,2020,Yes,1.0,7060,103.78,22.5244,88.3657,2026-01-04
727,Dumdum,700056,1190,2,2,5,2014,No,1.4,6380,75.98,22.6306,88.4242,2026-01-05
728,Esplanade,700069,875,1,1,3,2009,No,0.6,7340,64.38,22.5697,88.3526,2026-01-06
729,Garia,700084,1175,2,2,4,2015,No,1.9,6200,72.85,22.4623,88.3959,2026-01-07
730,Howrah (Shalimar),711103,1245,3,2,6,2017,No,3.7,5980,74.50,22.5843,88.3126,2026-01-08
731,Jadavpur,700032,1140,2,2,4,2013,Yes,1.5,6320,72.05,22.4950,88.3740,2026-01-09
732,Lake Town,700089,940,2,1,4,2009,No,1.0,6320,59.41,22.6092,88.4079,2026-01-10
733,New Town,700156,1570,3,3,12,2021,Yes,2.2,6880,108.22,22.5863,88.4886,2026-01-11
734,Rajarhat,700135,1320,3,2,8,2016,No,2.0,6580,86.86,22.5984,88.4759,2026-01-12
735,Park Street,700016,1490,3,3,10,2021,Yes,0.7,7780,115.88,22.5562,88.3519,2026-01-13
736,Salt Lake (Bidhannagar),700064,1615,3,3,12,2022,Yes,1.2,6980,112.68,22.5893,88.4190,2026-01-14
737,Shyambazar,700004,1050,2,2,5,2014,No,0.6,6240,65.52,22.6048,88.3742,2026-01-15
738,Tollygunge,700033,1440,3,3,11,2020,Yes,1.0,6980,100.51,22.5025,88.3519,2026-01-16
739,Baranagar,700090,1130,2,2,4,2013,Yes,2.3,6200,69.86,22.6629,88.3696,2026-01-17
740,Behala,700060,1405,3,2,7,2015,No,2.5,6120,85.98,22.4885,88.3052,2026-01-18
741,Ballygunge,700020,1545,3,3,12,2021,Yes,1.1,7080,109.50,22.5253,88.3664,2026-01-19
742,Howrah (Shalimar),711102,1295,3,2,6,2016,No,3.6,5940,76.96,22.5832,88.3115,2026-01-20
743,Dumdum,700055,1130,2,2,5,2012,No,1.3,6260,70.74,22.6316,88.4239,2026-01-21
744,Garia,700047,1090,2,2,3,2010,No,1.7,6160,66.94,22.4664,88.3926,2026-01-22
745,Esplanade,700069,895,1,1,3,2009,No,0.6,7400,66.30,22.5701,88.3526,2026-01-23
746,Jadavpur,700032,1155,2,2,4,2013,Yes,1.5,6340,73.16,22.4953,88.3741,2026-01-24
747,Lake Town,700089,955,2,1,4,2009,No,1.0,6380,60.92,22.6093,88.4080,2026-01-25
748,Rajarhat,700135,1590,3,3,12,2021,Yes,2.1,6920,110.03,22.5988,88.4759,2026-01-26
749,Salt Lake (Bidhannagar),700106,1670,3,3,13,2023,Yes,1.0,7060,117.90,22.5973,88.4103,2026-01-27
750,Tollygunge,700033,1455,3,3,11,2020,Yes,1.0,7020,102.22,22.5027,88.3520,2026-01-28
751,Baranagar,700108,1330,3,2,7,2016,No,2.5,6280,83.52,22.6686,88.3692,2026-01-29
752,Behala,700008,1290,3,2,6,2014,No,2.8,6040,77.92,22.4871,88.3010,2026-01-30
753,Ballygunge,700019,1570,3,3,13,2022,Yes,1.2,7080,111.16,22.5258,88.3658,2026-01-31
754,Dumdum,700056,1205,2,2,5,2014,No,1.4,6400,77.12,22.6307,88.4243,2026-02-01
755,Garia,700084,1180,2,2,4,2015,No,1.9,6220,73.32,22.4624,88.3962,2026-02-02
756,Howrah (Shalimar),711114,1270,3,2,6,2017,No,3.9,6000,76.20,22.5837,88.3137,2026-02-03
757,Shyambazar,700004,1040,2,1,3,2012,No,0.7,6180,64.39,22.6051,88.3731,2026-02-04
758,Park Street,700016,1600,3,3,14,2023,Yes,0.9,7780,124.48,22.5542,88.3526,2026-02-05
759,New Town,700156,1290,3,2,7,2017,No,2.5,6560,84.62,22.5853,88.4895,2026-02-06
760,Salt Lake (Bidhannagar),700064,1630,3,3,12,2022,Yes,1.2,7000,114.10,22.5894,88.4191,2026-02-07
761,Rajarhat,700135,1470,3,3,9,2019,Yes,2.0,6680,98.20,22.5986,88.4753,2026-02-08
762,Tollygunge,700033,1410,3,3,11,2020,Yes,1.0,6940,97.85,22.5024,88.3518,2026-02-09
763,Lake Town,700089,920,2,1,4,2008,No,1.0,6300,57.96,22.6082,88.4075,2026-02-10
764,Baranagar,700035,1380,3,2,6,2015,No,2.2,6300,86.94,22.6624,88.3690,2026-02-11
765,Behala,700061,1410,3,2,7,2016,Yes,2.7,6160,86.86,22.4873,88.3028,2026-02-12
766,Ballygunge,700019,1480,3,3,11,2020,Yes,1.0,7080,104.78,22.5245,88.3658,2026-02-13
767,Dumdum,700056,1200,2,2,5,2014,No,1.4,6400,76.80,22.6308,88.4243,2026-02-14
768,Esplanade,700069,880,1,1,3,2009,No,0.6,7360,64.77,22.5698,88.3527,2026-02-15
769,Garia,700084,1180,2,2,4,2015,No,1.9,6220,73.32,22.4625,88.3960,2026-02-16
770,Howrah (Shalimar),711103,1250,3,2,6,2017,No,3.7,6000,75.00,22.5844,88.3127,2026-02-17
771,Jadavpur,700032,1145,2,2,4,2013,Yes,1.5,6340,72.61,22.4951,88.3741,2026-02-18
772,Lake Town,700089,945,2,1,4,2009,No,1.0,6340,59.76,22.6093,88.4080,2026-02-19
773,New Town,700156,1580,3,3,12,2021,Yes,2.2,6900,109.02,22.5864,88.4887,2026-02-20
774,Rajarhat,700135,1330,3,2,8,2016,No,2.0,6600,87.78,22.5985,88.4760,2026-02-21
775,Park Street,700016,1500,3,3,10,2021,Yes,0.7,7800,117.00,22.5563,88.3520,2026-02-22
776,Salt Lake (Bidhannagar),700064,1625,3,3,12,2022,Yes,1.2,7020,114.18,22.5895,88.4192,2026-02-23
777,Shyambazar,700004,1055,2,2,5,2014,No,0.6,6260,66.05,22.6049,88.3743,2026-02-24
778,Tollygunge,700033,1445,3,3,11,2020,Yes,1.0,7000,100.30,22.5025,88.3520,2026-02-25
779,Baranagar,700090,1135,2,2,4,2013,Yes,2.3,6220,70.65,22.6630,88.3697,2026-02-26
780,Behala,700060,1415,3,2,7,2015,No,2.5,6140,86.91,22.4886,88.3053,2026-02-27
781,Ballygunge,700020,1550,3,3,12,2021,Yes,1.1,7100,110.05,22.5254,88.3665,2026-02-28
782,Howrah (Shalimar),711102,1300,3,2,6,2016,No,3.6,5960,77.57,22.5833,88.3116,2026-03-01
783,Dumdum,700055,1135,2,2,5,2012,No,1.3,6280,71.23,22.6317,88.4240,2026-03-02
784,Garia,700047,1095,2,2,3,2010,No,1.7,6180,67.61,22.4665,88.3927,2026-03-03
785,Esplanade,700069,900,1,1,3,2009,No,0.6,7420,66.78,22.5702,88.3527,2026-03-04
786,Jadavpur,700032,1160,2,2,4,2013,Yes,1.5,6360,73.78,22.4954,88.3742,2026-03-05
787,Lake Town,700089,960,2,1,4,2009,No,1.0,6400,61.44,22.6094,88.4081,2026-03-06
788,Rajarhat,700135,1600,3,3,12,2021,Yes,2.1,6940,111.16,22.5989,88.4760,2026-03-07
789,Salt Lake (Bidhannagar),700106,1680,3,3,13,2023,Yes,1.0,7080,118.94,22.5974,88.4104,2026-03-08
790,Tollygunge,700033,1460,3,3,11,2020,Yes,1.0,7040,102.78,22.5028,88.3521,2026-03-09
791,Baranagar,700108,1340,3,2,7,2016,No,2.5,6300,84.42,22.6687,88.3693,2026-03-10
792,Behala,700008,1300,3,2,6,2014,No,2.8,6060,78.36,22.4872,88.3011,2026-03-11
793,Ballygunge,700019,1580,3,3,13,2022,Yes,1.2,7100,111.80,22.5259,88.3659,2026-03-12
794,Dumdum,700056,1210,2,2,5,2014,No,1.4,6420,77.68,22.6309,88.4244,2026-03-13
795,Garia,700084,1190,2,2,4,2015,No,1.9,6240,74.26,22.4626,88.3963,2026-03-14
796,Howrah (Shalimar),711114,1280,3,2,6,2017,No,3.9,6020,77.06,22.5838,88.3138,2026-03-15
797,Shyambazar,700004,1060,2,1,3,2012,No,0.7,6200,65.72,22.6052,88.3732,2026-03-16
798,Park Street,700016,1610,3,3,14,2023,Yes,0.9,7800,125.58,22.5543,88.3527,2026-03-17
799,New Town,700156,1300,3,2,7,2017,No,2.5,6580,85.61,22.5854,88.4896,2026-03-18
800,Salt Lake (Bidhannagar),700064,1640,3,3,12,2022,Yes,1.2,7020,115.13,22.5896,88.4193,2026-03-19
801,Ballygunge,700019,1590,3,3,12,2022,Yes,1.1,7120,113.21,22.5255,88.3666,2026-03-20
802,Howrah (Shalimar),711105,1270,3,2,6,2017,No,3.8,6000,76.20,22.5830,88.3140,2026-03-21
803,Dumdum,700056,1220,2,2,5,2014,No,1.4,6440,78.57,22.6310,88.4245,2026-03-22
804,Garia,700084,1200,2,2,4,2015,No,1.9,6260,75.12,22.4627,88.3964,2026-03-23
805,Esplanade,700069,910,1,1,3,2009,No,0.6,7440,67.70,22.5703,88.3528,2026-03-24
806,Jadavpur,700032,1170,2,2,4,2013,Yes,1.5,6380,74.74,22.4955,88.3743,2026-03-25
807,Lake Town,700089,970,2,1,4,2009,No,1.0,6420,62.27,22.6095,88.4082,2026-03-26
808,Rajarhat,700135,1620,3,3,12,2021,Yes,2.1,6960,112.75,22.5990,88.4761,2026-03-27
809,Salt Lake (Bidhannagar),700106,1700,3,3,13,2023,Yes,1.0,7100,120.70,22.5975,88.4105,2026-03-28
810,Tollygunge,700033,1470,3,3,11,2020,Yes,1.0,7060,103.78,22.5029,88.3522,2026-03-29
811,Baranagar,700108,1350,3,2,7,2016,No,2.5,6320,85.33,22.6688,88.3694,2026-03-30
812,Behala,700008,1310,3,2,6,2014,No,2.8,6080,79.65,22.4873,88.3012,2026-03-31
813,Ballygunge,700020,1595,3,3,13,2022,Yes,1.2,7120,113.54,22.5260,88.3660,2026-04-01
814,Dumdum,700055,1140,2,2,5,2012,No,1.3,6300,71.82,22.6318,88.4241,2026-04-02
815,Garia,700047,1100,2,2,3,2010,No,1.7,6200,68.20,22.4666,88.3928,2026-04-03
816,Howrah (Shalimar),711114,1290,3,2,6,2017,No,3.9,6020,77.66,22.5839,88.3139,2026-04-04
817,Shyambazar,700004,1070,2,1,3,2012,No,0.7,6220,66.66,22.6053,88.3733,2026-04-05
818,Park Street,700016,1620,3,3,14,2023,Yes,0.9,7820,126.68,22.5544,88.3528,2026-04-06
819,New Town,700156,1310,3,2,7,2017,No,2.5,6600,86.46,22.5855,88.4897,2026-04-07
820,Salt Lake (Bidhannagar),700064,1650,3,3,12,2022,Yes,1.2,7040,116.16,22.5897,88.4194,2026-04-08
821,Rajarhat,700135,1480,3,3,9,2019,Yes,2.0,6700,99.16,22.5987,88.4754,2026-04-09
822,Tollygunge,700033,1420,3,3,11,2020,Yes,1.0,6960,98.83,22.5026,88.3519,2026-04-10
823,Lake Town,700089,925,2,1,4,2008,No,1.0,6320,58.39,22.6083,88.4076,2026-04-11
824,Baranagar,700035,1390,3,2,6,2015,No,2.2,6320,87.85,22.6625,88.3691,2026-04-12
825,Behala,700061,1420,3,2,7,2016,Yes,2.7,6180,87.56,22.4874,88.3029,2026-04-13
826,Ballygunge,700019,1490,3,3,11,2020,Yes,1.0,7100,105.59,22.5246,88.3659,2026-04-14
827,Dumdum,700056,1205,2,2,5,2014,No,1.4,6420,77.41,22.6311,88.4245,2026-04-15
828,Esplanade,700069,885,1,1,3,2009,No,0.6,7380,65.19,22.5699,88.3528,2026-04-16
829,Garia,700084,1195,2,2,4,2015,No,1.9,6240,74.66,22.4628,88.3965,2026-04-17
830,Howrah (Shalimar),711103,1255,3,2,6,2017,No,3.7,6020,75.55,22.5845,88.3128,2026-04-18
831,Jadavpur,700032,1150,2,2,4,2013,Yes,1.5,6360,73.08,22.4956,88.3744,2026-04-19
832,Lake Town,700089,950,2,1,4,2009,No,1.0,6360,60.42,22.6096,88.4083,2026-04-20
833,New Town,700156,1590,3,3,12,2021,Yes,2.2,6920,110.03,22.5865,88.4888,2026-04-21
834,Rajarhat,700135,1340,3,2,8,2016,No,2.0,6620,88.71,22.5986,88.4761,2026-04-22
835,Park Street,700016,1510,3,3,10,2021,Yes,0.7,7820,118.08,22.5564,88.3521,2026-04-23
836,Salt Lake (Bidhannagar),700064,1635,3,3,12,2022,Yes,1.2,7060,115.42,22.5898,88.4195,2026-04-24
837,Shyambazar,700004,1065,2,2,5,2014,No,0.6,6280,66.90,22.6050,88.3744,2026-04-25
838,Tollygunge,700033,1450,3,3,11,2020,Yes,1.0,7020,101.79,22.5027,88.3521,2026-04-26
839,Baranagar,700090,1140,2,2,4,2013,Yes,2.3,6240,71.14,22.6631,88.3698,2026-04-27
840,Behala,700060,1420,3,2,7,2015,No,2.5,6160,87.07,22.4887,88.3054,2026-04-28
841,Ballygunge,700020,1560,3,3,12,2021,Yes,1.1,7120,110.59,22.5256,88.3667,2026-04-29
842,Howrah (Shalimar),711102,1305,3,2,6,2016,No,3.6,5980,77.97,22.5834,88.3117,2026-04-30
843,Dumdum,700055,1145,2,2,5,2012,No,1.3,6320,72.33,22.6319,88.4242,2026-05-01
844,Garia,700047,1105,2,2,3,2010,No,1.7,6220,68.71,22.4667,88.3929,2026-05-02
845,Esplanade,700069,915,1,1,3,2009,No,0.6,7460,68.29,22.5704,88.3529,2026-05-03
846,Jadavpur,700032,1175,2,2,4,2013,Yes,1.5,6400,75.20,22.4957,88.3745,2026-05-04
847,Lake Town,700089,970,2,1,4,2009,No,1.0,6440,62.37,22.6097,88.4084,2026-05-05
848,Rajarhat,700135,1630,3,3,12,2021,Yes,2.1,6980,113.77,22.5991,88.4762,2026-05-06
849,Salt Lake (Bidhannagar),700106,1710,3,3,13,2023,Yes,1.0,7120,121.75,22.5976,88.4106,2026-05-07
850,Tollygunge,700033,1480,3,3,11,2020,Yes,1.0,7080,104.78,22.5030,88.3523,2026-05-08
851,Baranagar,700108,1360,3,2,7,2016,No,2.5,6340,86.22,22.6689,88.3695,2026-05-09
852,Behala,700008,1320,3,2,6,2014,No,2.8,6100,80.52,22.4874,88.3013,2026-05-10
853,Ballygunge,700019,1595,3,3,13,2022,Yes,1.2,7120,113.39,22.5261,88.3661,2026-05-11
854,Dumdum,700056,1215,2,2,5,2014,No,1.4,6440,77.94,22.6312,88.4246,2026-05-12
855,Garia,700084,1200,2,2,4,2015,No,1.9,6260,75.12,22.4629,88.3966,2026-05-13
856,Howrah (Shalimar),711114,1295,3,2,6,2017,No,3.9,6040,78.26,22.5840,88.3140,2026-05-14
857,Shyambazar,700004,1075,2,1,3,2012,No,0.7,6240,66.93,22.6054,88.3735,2026-05-15
858,Park Street,700016,1630,3,3,14,2023,Yes,0.9,7840,127.79,22.5545,88.3529,2026-05-16
859,New Town,700156,1320,3,2,7,2017,No,2.5,6620,87.08,22.5856,88.4898,2026-05-17
860,Salt Lake (Bidhannagar),700064,1660,3,3,12,2022,Yes,1.2,7060,117.00,22.5899,88.4196,2026-05-18
861,Rajarhat,700135,1490,3,3,9,2019,Yes,2.0,6720,100.13,22.5988,88.4755,2026-05-19
862,Tollygunge,700033,1430,3,3,11,2020,Yes,1.0,6980,99.71,22.5027,88.3520,2026-05-20
863,Lake Town,700089,930,2,1,4,2008,No,1.0,6340,58.86,22.6084,88.4077,2026-05-21
864,Baranagar,700035,1400,3,2,6,2015,No,2.2,6340,88.76,22.6626,88.3692,2026-05-22
865,Behala,700061,1430,3,2,7,2016,Yes,2.7,6200,88.66,22.4875,88.3030,2026-05-23
866,Ballygunge,700019,1500,3,3,11,2020,Yes,1.0,7120,106.80,22.5247,88.3660,2026-05-24
867,Dumdum,700056,1210,2,2,5,2014,No,1.4,6440,77.88,22.6313,88.4247,2026-05-25
868,Esplanade,700069,890,1,1,3,2009,No,0.6,7400,65.46,22.5700,88.3529,2026-05-26
869,Garia,700084,1200,2,2,4,2015,No,1.9,6260,75.12,22.4630,88.3967,2026-05-27
870,Howrah (Shalimar),711103,1260,3,2,6,2017,No,3.7,6040,76.22,22.5846,88.3129,2026-05-28
871,Jadavpur,700032,1155,2,2,4,2013,Yes,1.5,6380,73.44,22.4958,88.3746,2026-05-29
872,Lake Town,700089,960,2,1,4,2009,No,1.0,6380,60.85,22.6098,88.4085,2026-05-30
873,New Town,700156,1600,3,3,12,2021,Yes,2.2,6940,111.16,22.5866,88.4889,2026-05-31
874,Rajarhat,700135,1350,3,2,8,2016,No,2.0,6640,89.64,22.5987,88.4762,2026-06-01
875,Park Street,700016,1520,3,3,10,2021,Yes,0.7,7840,118.97,22.5565,88.3522,2026-06-02
876,Salt Lake (Bidhannagar),700064,1645,3,3,12,2022,Yes,1.2,7080,116.39,22.5900,88.4197,2026-06-03
877,Shyambazar,700004,1070,2,2,5,2014,No,0.6,6300,67.41,22.6051,88.3746,2026-06-04
878,Tollygunge,700033,1455,3,3,11,2020,Yes,1.0,7040,102.43,22.5028,88.3522,2026-06-05
879,Baranagar,700090,1145,2,2,4,2013,Yes,2.3,6260,71.57,22.6632,88.3699,2026-06-06
880,Behala,700060,1425,3,2,7,2015,No,2.5,6180,87.99,22.4888,88.3055,2026-06-07
881,Ballygunge,700020,1565,3,3,12,2021,Yes,1.1,7140,111.79,22.5257,88.3668,2026-06-08
882,Howrah (Shalimar),711102,1310,3,2,6,2016,No,3.6,6000,78.60,22.5835,88.3118,2026-06-09
883,Dumdum,700055,1150,2,2,5,2012,No,1.3,6340,72.71,22.6320,88.4243,2026-06-10
884,Garia,700047,1110,2,2,3,2010,No,1.7,6240,69.26,22.4668,88.3930,2026-06-11
885,Esplanade,700069,920,1,1,3,2009,No,0.6,7480,68.82,22.5705,88.3530,2026-06-12
886,Jadavpur,700032,1180,2,2,4,2013,Yes,1.5,6420,75.76,22.4959,88.3747,2026-06-13
887,Lake Town,700089,980,2,1,4,2009,No,1.0,6460,63.11,22.6099,88.4086,2026-06-14
888,Rajarhat,700135,1640,3,3,12,2021,Yes,2.1,7000,114.80,22.5992,88.4763,2026-06-15
889,Salt Lake (Bidhannagar),700106,1720,3,3,13,2023,Yes,1.0,7140,122.81,22.5977,88.4107,2026-06-16
890,Tollygunge,700033,1490,3,3,11,2020,Yes,1.0,7100,105.39,22.5031,88.3524,2026-06-17
891,Baranagar,700108,1370,3,2,7,2016,No,2.5,6360,87.13,22.6690,88.3696,2026-06-18
892,Behala,700008,1330,3,2,6,2014,No,2.8,6120,81.40,22.4875,88.3014,2026-06-19
893,Ballygunge,700019,1600,3,3,13,2022,Yes,1.2,7140,114.24,22.5262,88.3662,2026-06-20
894,Dumdum,700056,1220,2,2,5,2014,No,1.4,6460,78.81,22.6314,88.4248,2026-06-21
895,Garia,700084,1205,2,2,4,2015,No,1.9,6280,75.69,22.4631,88.3968,2026-06-22
896,Howrah (Shalimar),711114,1300,3,2,6,2017,No,3.9,6060,78.78,22.5841,88.3141,2026-06-23
897,Shyambazar,700004,1080,2,1,3,2012,No,0.7,6260,67.73,22.6055,88.3736,2026-06-24
898,Park Street,700016,1640,3,3,14,2023,Yes,0.9,7860,128.90,22.5546,88.3530,2026-06-25
899,New Town,700156,1330,3,2,7,2017,No,2.5,6640,88.31,22.5857,88.4899,2026-06-26
900,Salt Lake (Bidhannagar),700064,1670,3,3,12,2022,Yes,1.2,7080,118.24,22.5901,88.4198,2026-06-27
901,Tollygunge,700033,1500,3,3,11,2020,Yes,1.0,7120,106.80,22.5032,88.3525,2026-06-28
902,Baranagar,700108,1380,3,2,7,2016,No,2.5,6380,88.04,22.6691,88.3697,2026-06-29
903,Behala,700008,1340,3,2,6,2014,No,2.8,6140,82.28,22.4876,88.3015,2026-06-30
904,Ballygunge,700019,1610,3,3,13,2022,Yes,1.2,7160,115.38,22.5263,88.3663,2026-07-01
905,Dumdum,700056,1230,2,2,5,2014,No,1.4,6480,79.70,22.6315,88.4249,2026-07-02
906,Garia,700084,1210,2,2,4,2015,No,1.9,6300,76.23,22.4632,88.3969,2026-07-03
907,Howrah (Shalimar),711103,1270,3,2,6,2017,No,3.7,6060,77.06,22.5847,88.3130,2026-07-04
908,Jadavpur,700032,1160,2,2,4,2013,Yes,1.5,6400,74.24,22.4960,88.3748,2026-07-05
909,Lake Town,700089,990,2,1,4,2009,No,1.0,6480,64.15,22.6100,88.4087,2026-07-06
910,Rajarhat,700135,1650,3,3,12,2021,Yes,2.1,7020,115.83,22.5993,88.4764,2026-07-07
911,Salt Lake (Bidhannagar),700106,1730,3,3,13,2023,Yes,1.0,7160,123.97,22.5978,88.4108,2026-07-08
912,Tollygunge,700033,1510,3,3,11,2020,Yes,1.0,7120,107.51,22.5033,88.3526,2026-07-09
913,Baranagar,700108,1390,3,2,7,2016,No,2.5,6400,88.96,22.6692,88.3698,2026-07-10
914,Behala,700060,1430,3,2,7,2015,No,2.5,6200,88.66,22.4889,88.3056,2026-07-11
915,Ballygunge,700020,1570,3,3,12,2021,Yes,1.1,7160,112.41,22.5258,88.3669,2026-07-12
916,Dumdum,700055,1160,2,2,5,2012,No,1.3,6360,73.78,22.6321,88.4244,2026-07-13
917,Garia,700047,1115,2,2,3,2010,No,1.7,6260,69.85,22.4669,88.3931,2026-07-14
918,Esplanade,700069,925,1,1,3,2009,No,0.6,7500,69.38,22.5706,88.3531,2026-07-15
919,Shyambazar,700004,1090,2,1,3,2012,No,0.7,6280,68.50,22.6056,88.3737,2026-07-16
920,Park Street,700016,1650,3,3,14,2023,Yes,0.9,7880,129.82,22.5547,88.3531,2026-07-17
921,New Town,700156,1340,3,2,7,2017,No,2.5,6660,89.24,22.5858,88.4900,2026-07-18
922,Salt Lake (Bidhannagar),700064,1680,3,3,12,2022,Yes,1.2,7100,119.28,22.5902,88.4199,2026-07-19
923,Rajarhat,700135,1500,3,3,9,2019,Yes,2.0,6740,101.10,22.5989,88.4756,2026-07-20
924,Tollygunge,700033,1440,3,3,11,2020,Yes,1.0,7000,100.80,22.5028,88.3521,2026-07-21
925,Lake Town,700089,940,2,1,4,2008,No,1.0,6360,59.78,22.6085,88.4078,2026-07-22
926,Baranagar,700035,1410,3,2,6,2015,No,2.2,6360,89.79,22.6627,88.3693,2026-07-23
927,Behala,700061,1440,3,2,7,2016,Yes,2.7,6220,89.57,22.4876,88.3031,2026-07-24
928,Ballygunge,700019,1510,3,3,11,2020,Yes,1.0,7140,107.99,22.5248,88.3661,2026-07-25
929,Dumdum,700056,1215,2,2,5,2014,No,1.4,6460,78.56,22.6316,88.4250,2026-07-26
930,Esplanade,700069,895,1,1,3,2009,No,0.6,7420,66.46,22.5701,88.3530,2026-07-27
931,Garia,700084,1205,2,2,4,2015,No,1.9,6280,75.69,22.4633,88.3970,2026-07-28
932,Howrah (Shalimar),711102,1280,3,2,6,2016,No,3.6,6080,77.82,22.5836,88.3119,2026-07-29
933,Jadavpur,700032,1165,2,2,4,2013,Yes,1.5,6420,74.90,22.4961,88.3749,2026-07-30
934,Lake Town,700089,995,2,1,4,2009,No,1.0,6500,64.75,22.6101,88.4088,2026-07-31
935,New Town,700156,1610,3,3,12,2021,Yes,2.2,6960,111.86,22.5867,88.4890,2026-08-01
936,Rajarhat,700135,1360,3,2,8,2016,No,2.0,6660,90.38,22.5988,88.4763,2026-08-02
937,Park Street,700016,1530,3,3,10,2021,Yes,0.7,7860,120.22,22.5566,88.3523,2026-08-03
938,Salt Lake (Bidhannagar),700064,1655,3,3,12,2022,Yes,1.2,7120,117.91,22.5903,88.4200,2026-08-04
939,Shyambazar,700004,1075,2,2,5,2014,No,0.6,6320,67.92,22.6052,88.3747,2026-08-05
940,Tollygunge,700033,1460,3,3,11,2020,Yes,1.0,7060,102.88,22.5029,88.3523,2026-08-06
941,Baranagar,700090,1150,2,2,4,2013,Yes,2.3,6280,72.22,22.6633,88.3700,2026-08-07
942,Behala,700060,1435,3,2,7,2015,No,2.5,6200,88.99,22.4890,88.3057,2026-08-08
943,Ballygunge,700020,1580,3,3,12,2021,Yes,1.1,7160,113.13,22.5259,88.3670,2026-08-09
944,Dumdum,700055,1165,2,2,5,2012,No,1.3,6380,74.41,22.6322,88.4245,2026-08-10
945,Garia,700047,1120,2,2,3,2010,No,1.7,6280,70.34,22.4670,88.3932,2026-08-11
946,Esplanade,700069,930,1,1,3,2009,No,0.6,7520,69.82,22.5707,88.3532,2026-08-12
947,Howrah (Shalimar),711114,1310,3,2,6,2017,No,3.9,6100,79.91,22.5842,88.3142,2026-08-13
948,Shyambazar,700004,1095,2,1,3,2012,No,0.7,6300,68.98,22.6057,88.3738,2026-08-14
949,Park Street,700016,1660,3,3,14,2023,Yes,0.9,7900,131.14,22.5548,88.3532,2026-08-15
950,New Town,700156,1350,3,2,7,2017,No,2.5,6680,90.18,22.5859,88.4901,2026-08-16
951,Salt Lake (Bidhannagar),700064,1670,3,3,12,2022,Yes,1.2,7140,119.20,22.5904,88.4201,2026-08-17
952,Rajarhat,700135,1520,3,3,9,2019,Yes,2.0,6760,102.75,22.5990,88.4760,2026-08-18
953,Tollygunge,700033,1450,3,3,11,2020,Yes,1.0,7080,102.66,22.5030,88.3524,2026-08-19
954,Lake Town,700089,950,2,1,4,2008,No,1.0,6380,60.61,22.6086,88.4079,2026-08-20
955,Baranagar,700035,1420,3,2,6,2015,No,2.2,6380,90.60,22.6628,88.3694,2026-08-21
956,Behala,700063,1460,3,2,7,2016,Yes,2.7,6240,91.10,22.4892,88.3060,2026-08-22
957,Ballygunge,700019,1520,3,3,11,2020,Yes,1.0,7180,109.14,22.5250,88.3662,2026-08-23
958,Dumdum,700056,1220,2,2,5,2014,No,1.4,6480,79.06,22.6317,88.4251,2026-08-24
959,Esplanade,700069,900,1,1,3,2009,No,0.6,7460,67.14,22.5708,88.3533,2026-08-25
960,Garia,700084,1215,2,2,4,2015,No,1.9,6300,76.55,22.4634,88.3971,2026-08-26
961,Howrah (Shalimar),711105,1290,3,2,6,2016,No,3.8,6120,78.95,22.5850,88.3150,2026-08-27
962,Jadavpur,700032,1170,2,2,4,2013,Yes,1.5,6440,75.31,22.4962,88.3750,2026-08-28
963,Lake Town,700089,1000,2,1,4,2009,No,1.0,6520,65.20,22.6102,88.4089,2026-08-29
964,New Town,700156,1620,3,3,12,2021,Yes,2.2,6980,112.96,22.5868,88.4892,2026-08-30
965,Rajarhat,700135,1370,3,2,8,2016,No,2.0,6680,91.52,22.5989,88.4765,2026-08-31
966,Park Street,700016,1540,3,3,10,2021,Yes,0.7,7880,121.55,22.5567,88.3524,2026-09-01
967,Salt Lake (Bidhannagar),700106,1660,3,3,12,2023,Yes,1.0,7160,118.66,22.5979,88.4109,2026-09-02
968,Shyambazar,700004,1080,2,2,5,2014,No,0.6,6340,68.47,22.6053,88.3748,2026-09-03
969,Tollygunge,700033,1470,3,3,11,2020,Yes,1.0,7100,104.37,22.5031,88.3525,2026-09-04
970,Baranagar,700090,1160,2,2,4,2013,Yes,2.3,6300,73.08,22.6634,88.3701,2026-09-05
971,Behala,700008,1445,3,2,7,2015,No,2.8,6220,89.71,22.4877,88.3016,2026-09-06
972,Ballygunge,700020,1590,3,3,12,2021,Yes,1.1,7180,114.16,22.5260,88.3671,2026-09-07
973,Dumdum,700055,1170,2,2,5,2012,No,1.3,6400,74.88,22.6323,88.4246,2026-09-08
974,Garia,700047,1125,2,2,3,2010,No,1.7,6300,70.88,22.4671,88.3933,2026-09-09
975,Esplanade,700069,935,1,1,3,2009,No,0.6,7540,70.47,22.5709,88.3534,2026-09-10
976,Howrah (Shalimar),711103,1300,3,2,6,2017,No,3.7,6140,79.82,22.5848,88.3131,2026-09-11
977,Jadavpur,700032,1175,2,2,4,2013,Yes,1.5,6460,75.82,22.4963,88.3751,2026-09-12
978,Lake Town,700089,1005,2,1,4,2009,No,1.0,6540,65.73,22.6103,88.4090,2026-09-13
979,New Town,700156,1630,3,3,12,2021,Yes,2.2,7000,114.10,22.5869,88.4893,2026-09-14
980,Rajarhat,700135,1380,3,2,8,2016,No,2.0,6700,92.46,22.5990,88.4766,2026-09-15
981,Park Street,700016,1550,3,3,10,2021,Yes,0.7,7900,122.45,22.5568,88.3525,2026-09-16
982,Salt Lake (Bidhannagar),700064,1685,3,3,12,2022,Yes,1.2,7180,120.92,22.5905,88.4202,2026-09-17
983,Shyambazar,700004,1090,2,1,3,2012,No,0.7,6360,69.38,22.6058,88.3739,2026-09-18
984,Tollygunge,700033,1480,3,3,11,2020,Yes,1.0,7120,105.38,22.5032,88.3526,2026-09-19
985,Baranagar,700108,1400,3,2,7,2016,No,2.5,6420,89.88,22.6693,88.3699,2026-09-20
986,Behala,700061,1450,3,2,7,2016,Yes,2.7,6240,90.48,22.4877,88.3032,2026-09-21
987,Ballygunge,700019,1530,3,3,11,2020,Yes,1.0,7200,110.16,22.5251,88.3663,2026-09-22
988,Dumdum,700056,1230,2,2,5,2014,No,1.4,6500,79.95,22.6318,88.4252,2026-09-23
989,Esplanade,700069,910,1,1,3,2009,No,0.6,7480,67.87,22.5710,88.3535,2026-09-24
990,Garia,700084,1220,2,2,4,2015,No,1.9,6320,77.10,22.4635,88.3972,2026-09-25
991,Howrah (Shalimar),711102,1315,3,2,6,2016,No,3.6,6160,81.00,22.5837,88.3120,2026-09-26
992,Jadavpur,700032,1180,2,2,4,2013,Yes,1.5,6480,76.46,22.4964,88.3752,2026-09-27
993,Lake Town,700089,1010,2,1,4,2009,No,1.0,6560,66.26,22.6104,88.4091,2026-09-28
994,New Town,700156,1640,3,3,12,2021,Yes,2.2,7020,115.13,22.5870,88.4894,2026-09-29
995,Rajarhat,700135,1390,3,2,8,2016,No,2.0,6720,93.41,22.5991,88.4767,2026-09-30
996,Park Street,700016,1560,3,3,10,2021,Yes,0.7,7920,123.55,22.5569,88.3526,2026-10-01
997,Salt Lake (Bidhannagar),700106,1675,3,3,12,2023,Yes,1.0,7180,120.17,22.5980,88.4110,2026-10-02
998,Shyambazar,700004,1095,2,2,5,2014,No,0.6,6380,69.96,22.6054,88.3749,2026-10-03
999,Tollygunge,700033,1490,3,3,11,2020,Yes,1.0,7140,106.15,22.5033,88.3527,2026-10-04
1000,Baranagar,700035,1170,2,2,4,2013,Yes,2.3,6320,73.90,22.6635,88.3702,2026-10-05
